id,smoking
15000,0.22103868
15001,0.002372785
15002,0.03675419
15003,0.46864483
15004,0.004956435
15005,0.36519217
15006,0.58370245
15007,0.010714884
15008,0.6140817
15009,0.0038356008
15010,0.052763015
15011,0.6239716
15012,0.0031674695
15013,0.5579253
15014,0.29648376
15015,0.18938448
15016,0.012088703
15017,0.004428439
15018,0.9520963
15019,0.066755764
15020,0.4024663
15021,0.038553286
15022,0.0035484333
15023,0.7312693
15024,0.7248328
15025,0.66602224
15026,0.30262122
15027,0.31003466
15028,0.50555944
15029,0.024753831
15030,0.10293884
15031,0.680844
15032,0.6222467
15033,0.83769935
15034,0.0037644512
15035,0.043984838
15036,0.24341957
15037,0.20255472
15038,0.70721257
15039,0.4472056
15040,0.6468513
15041,0.7444858
15042,0.7324473
15043,0.70195186
15044,0.009149525
15045,0.6883206
15046,0.12579538
15047,0.9599527
15048,0.9383948
15049,0.7370191
15050,0.10159473
15051,0.00681604
15052,0.2806029
15053,0.93587846
15054,0.5646716
15055,0.12191399
15056,0.2935762
15057,0.61564815
15058,0.022189597
15059,0.87332666
15060,0.70667046
15061,0.7402155
15062,0.55239713
15063,0.73048764
15064,0.53277206
15065,0.7749241
15066,0.010084224
15067,0.0095764175
15068,0.43049422
15069,0.002894886
15070,0.04107195
15071,0.65786624
15072,0.22429392
15073,0.88582665
15074,0.63659626
15075,0.3487904
15076,0.011720004
15077,0.8934127
15078,0.5682297
15079,0.34061545
15080,0.0059298114
15081,0.009155332
15082,0.004242226
15083,0.5657617
15084,0.56287926
15085,0.5027642
15086,0.7281898
15087,0.0044472623
15088,0.03338639
15089,0.8093232
15090,0.0019499199
15091,0.89728326
15092,0.86129653
15093,0.28275606
15094,0.53402805
15095,0.8903323
15096,0.3924996
15097,0.52591705
15098,0.0028540038
15099,0.0014682275
15100,0.47113883
15101,0.0041960687
15102,0.8810049
15103,0.003749291
15104,0.0073465626
15105,0.6302358
15106,0.0038498023
15107,0.5851207
15108,0.8421089
15109,0.025510041
15110,0.0016228723
15111,0.38512287
15112,0.0031504403
15113,0.0133378925
15114,0.89726657
15115,0.008147136
15116,0.104750454
15117,0.0035135811
15118,0.14502472
15119,0.004965051
15120,0.47294754
15121,0.48393458
15122,0.895518
15123,0.8408951
15124,0.0025197507
15125,0.73358494
15126,0.016719207
15127,0.76227796
15128,0.9711459
15129,0.29570973
15130,0.0042461203
15131,0.69424933
15132,0.41894785
15133,0.6980905
15134,0.7706667
15135,0.1705109
15136,0.0854068
15137,0.91125345
15138,0.7809252
15139,0.83972
15140,0.6708955
15141,0.49545345
15142,0.86208004
15143,0.020082133
15144,0.6709382
15145,0.048057318
15146,0.0025557491
15147,0.6514484
15148,0.0036373148
15149,0.33216885
15150,0.8704003
15151,0.0043908586
15152,0.8763021
15153,0.38553235
15154,0.055072166
15155,0.0013789018
15156,0.3599153
15157,0.8857076
15158,0.7346155
15159,0.0112168
15160,0.007689521
15161,0.68727815
15162,0.67320395
15163,0.6985285
15164,0.0047602165
15165,0.65473837
15166,0.8336999
15167,0.009443882
15168,0.6394075
15169,0.0076912977
15170,0.004541892
15171,0.7588866
15172,0.19342352
15173,0.05199057
15174,0.377652
15175,0.7405305
15176,0.66061676
15177,0.48561913
15178,0.73005605
15179,0.9172015
15180,0.7906077
15181,0.008519514
15182,0.4889731
15183,0.33204478
15184,0.30132842
15185,0.055004206
15186,0.0048422185
15187,0.0035273596
15188,0.6145046
15189,0.006586102
15190,0.0054805367
15191,0.19458649
15192,0.6718858
15193,0.8304831
15194,0.017507885
15195,0.009655024
15196,0.6644132
15197,0.8055369
15198,0.7320197
15199,0.4489018
15200,0.0037205482
15201,0.008050783
15202,0.011137569
15203,0.40097374
15204,0.70601714
15205,0.13659869
15206,0.83252853
15207,0.09424076
15208,0.6983771
15209,0.049932938
15210,0.046254862
15211,0.78822607
15212,0.010408666
15213,0.012192604
15214,0.56226957
15215,0.0032480818
15216,0.19165552
15217,0.78206366
15218,0.60327923
15219,0.8504477
15220,0.0033473885
15221,0.2282148
15222,0.39485067
15223,0.0036114333
15224,0.6794544
15225,0.04160248
15226,0.025888242
15227,0.5667059
15228,0.75490725
15229,0.0024836597
15230,0.5353016
15231,0.18425612
15232,0.031491704
15233,0.0118409265
15234,0.6613026
15235,0.52476805
15236,0.7827119
15237,0.74542844
15238,0.21658175
15239,0.79367954
15240,0.20597713
15241,0.66630685
15242,0.915598
15243,0.3617144
15244,0.74909717
15245,0.0029464746
15246,0.016082369
15247,0.11427672
15248,0.59847075
15249,0.21624738
15250,0.64249057
15251,0.51894265
15252,0.89291245
15253,0.48595208
15254,0.005314416
15255,0.004747961
15256,0.5070073
15257,0.21475881
15258,0.60715085
15259,0.6304522
15260,0.013500892
15261,0.8906141
15262,0.9521989
15263,0.5786415
15264,0.33354637
15265,0.53904337
15266,0.76807845
15267,0.004531356
15268,0.3660983
15269,0.6024564
15270,0.011538298
15271,0.001855813
15272,0.27180395
15273,0.008864203
15274,0.49672085
15275,0.28480458
15276,0.008576451
15277,0.44473875
15278,0.16503197
15279,0.0049464046
15280,0.01913669
15281,0.39375386
15282,0.003520642
15283,0.61238176
15284,0.3982939
15285,0.031814832
15286,0.5031948
15287,0.39447713
15288,0.0980751
15289,0.53545123
15290,0.009589929
15291,0.4158076
15292,0.7276352
15293,0.8940776
15294,0.48612463
15295,0.020077912
15296,0.5613146
15297,0.25825652
15298,0.43254492
15299,0.00847856
15300,0.7480313
15301,0.32029486
15302,0.0028792808
15303,0.7480767
15304,0.09768523
15305,0.5165159
15306,0.47786978
15307,0.08359482
15308,0.66688514
15309,0.019594725
15310,0.49467164
15311,0.0063737007
15312,0.7006797
15313,0.81135374
15314,0.7352816
15315,0.4683609
15316,0.0023268056
15317,0.25334802
15318,0.3450246
15319,0.8451601
15320,0.6765465
15321,0.00397319
15322,0.002461725
15323,0.0014854163
15324,0.8299072
15325,0.4451394
15326,0.014172174
15327,0.015268202
15328,0.29087025
15329,0.003645382
15330,0.77640283
15331,0.32156783
15332,0.44546124
15333,0.09242309
15334,0.9176799
15335,0.3421494
15336,0.003058882
15337,0.016758664
15338,0.5439422
15339,0.17187418
15340,0.0054012453
15341,0.002121162
15342,0.8610657
15343,0.02069955
15344,0.6660445
15345,0.561355
15346,0.43530056
15347,0.4165514
15348,0.8788621
15349,0.47787413
15350,0.00051240885
15351,0.31977698
15352,0.8063718
15353,0.0012748314
15354,0.07341753
15355,0.53824055
15356,0.66280454
15357,0.60510975
15358,0.58341193
15359,0.3239991
15360,0.7736156
15361,0.66973364
15362,0.66514605
15363,0.7997103
15364,0.6672998
15365,0.3668628
15366,0.47345057
15367,0.68886214
15368,0.8543597
15369,0.5423849
15370,0.5610828
15371,0.014392456
15372,0.7627055
15373,0.9043809
15374,0.8538758
15375,0.09791941
15376,0.0042003402
15377,0.7799027
15378,0.0023333195
15379,0.021433769
15380,0.51224834
15381,0.5170747
15382,0.7393858
15383,0.5463585
15384,0.3141549
15385,0.5624308
15386,0.47598645
15387,0.031310648
15388,0.38315198
15389,0.4182059
15390,0.01583551
15391,0.061023362
15392,0.43437383
15393,0.6021796
15394,0.78530926
15395,0.7557182
15396,0.0039906856
15397,0.7964368
15398,0.624825
15399,0.01092447
15400,0.5646262
15401,0.62119436
15402,0.013116102
15403,0.62405103
15404,0.009758985
15405,0.9468502
15406,0.7499282
15407,0.52772635
15408,0.8046692
15409,0.03974587
15410,0.44769734
15411,0.5322079
15412,0.0074622086
15413,0.6626599
15414,0.24515751
15415,0.04267534
15416,0.013955859
15417,0.014515689
15418,0.5190511
15419,0.014099139
15420,0.16137353
15421,0.86370546
15422,0.0048447815
15423,0.33838132
15424,0.41516817
15425,0.3362628
15426,0.0048085167
15427,0.0038261742
15428,0.23993309
15429,0.30834195
15430,0.70353097
15431,0.12559642
15432,0.5674614
15433,0.76099354
15434,0.8306916
15435,0.4106034
15436,0.59253657
15437,0.49892336
15438,0.6088502
15439,0.0033221312
15440,0.86901766
15441,0.6603552
15442,0.6932189
15443,0.6812101
15444,0.85082674
15445,0.71276754
15446,0.5828902
15447,0.80855817
15448,0.51840866
15449,0.7073339
15450,0.8533465
15451,0.3051898
15452,0.0049998197
15453,0.81084055
15454,0.0039221114
15455,0.8054173
15456,0.05853401
15457,0.0041298857
15458,0.6630788
15459,0.6914469
15460,0.553644
15461,0.6088595
15462,0.721505
15463,0.028018614
15464,0.8646858
15465,0.006717171
15466,0.0075051994
15467,0.5826006
15468,0.47909924
15469,0.035909258
15470,0.025793776
15471,0.008166468
15472,0.5623059
15473,0.21596207
15474,0.75016963
15475,0.0032430345
15476,0.55483484
15477,0.015024151
15478,0.93170166
15479,0.7467077
15480,0.71559095
15481,0.0019517642
15482,0.305613
15483,0.8673677
15484,0.56242496
15485,0.7191537
15486,0.77009475
15487,0.0029416888
15488,0.019532334
15489,0.0006285423
15490,0.60686934
15491,0.7766616
15492,0.92630136
15493,0.42831844
15494,0.60044867
15495,0.85666215
15496,0.0027101794
15497,0.7244947
15498,0.46945173
15499,0.010301356
15500,0.22814497
15501,0.26841134
15502,0.004206812
15503,0.002937765
15504,0.82491577
15505,0.7720163
15506,0.633115
15507,0.67571837
15508,0.024184106
15509,0.011165034
15510,0.91823405
15511,0.2544867
15512,0.0020577388
15513,0.0032006355
15514,0.021758093
15515,0.65503913
15516,0.44992477
15517,0.92825055
15518,0.007890393
15519,0.004297853
15520,0.8882347
15521,0.004831725
15522,0.0046558436
15523,0.25766832
15524,0.023504566
15525,0.011401951
15526,0.5194401
15527,0.30440193
15528,0.024514155
15529,0.07493055
15530,0.54283535
15531,0.035582315
15532,0.0023299872
15533,0.024031334
15534,0.0027315347
15535,0.8096525
15536,0.03140749
15537,0.2634707
15538,0.006233861
15539,0.010210119
15540,0.52522475
15541,0.6043456
15542,0.6185987
15543,0.62080765
15544,0.8294703
15545,0.0074281488
15546,0.0176754
15547,0.01233383
15548,0.6873191
15549,0.7327378
15550,0.66357195
15551,0.049903724
15552,0.01662143
15553,0.7611579
15554,0.008304569
15555,0.23047891
15556,0.9253939
15557,0.61156833
15558,0.43543893
15559,0.4713803
15560,0.012001501
15561,0.63544995
15562,0.0043073134
15563,0.79712456
15564,0.801717
15565,0.3962263
15566,0.027801376
15567,0.007875265
15568,0.7122714
15569,0.807815
15570,0.007227788
15571,0.8583376
15572,0.024513938
15573,0.27410245
15574,0.0028567358
15575,0.014023893
15576,0.6593481
15577,0.7176079
15578,0.004121603
15579,0.024260396
15580,0.65580404
15581,0.81461746
15582,0.0050361855
15583,0.6562729
15584,0.026388258
15585,0.8227368
15586,0.0050752657
15587,0.012544549
15588,0.5875353
15589,0.25469276
15590,0.014580083
15591,0.6490284
15592,0.023408635
15593,0.8643325
15594,0.0034207602
15595,0.57087815
15596,0.91949457
15597,0.8358221
15598,0.78745097
15599,0.43027067
15600,0.0031958644
15601,0.945404
15602,0.01380061
15603,0.01415757
15604,0.07213189
15605,0.23747768
15606,0.4655385
15607,0.23635924
15608,0.43102923
15609,0.017887395
15610,0.852388
15611,0.16451697
15612,0.008960748
15613,0.16144931
15614,0.664718
15615,0.0058425395
15616,0.43953735
15617,0.8737248
15618,0.3653745
15619,0.26976618
15620,0.004041841
15621,0.15776835
15622,0.006567258
15623,0.0030437442
15624,0.004526547
15625,0.2730278
15626,0.6421841
15627,0.5365223
15628,0.4668244
15629,0.45673332
15630,0.21558602
15631,0.27200675
15632,0.0065601473
15633,0.7287583
15634,0.8519194
15635,0.5770752
15636,0.056186166
15637,0.0036718964
15638,0.441374
15639,0.81292856
15640,0.00973783
15641,0.6054893
15642,0.004136302
15643,0.6196536
15644,0.7947756
15645,0.007380511
15646,0.35250667
15647,0.44878334
15648,0.0017033685
15649,0.83767
15650,0.78010565
15651,0.01861533
15652,0.82593936
15653,0.003144774
15654,0.5640341
15655,0.6862176
15656,0.44981688
15657,0.6272966
15658,0.2815033
15659,0.17961285
15660,0.9080481
15661,0.65663964
15662,0.7133775
15663,0.721498
15664,0.86056256
15665,0.12935768
15666,0.8663183
15667,0.005934692
15668,0.41009852
15669,0.27862394
15670,0.5553479
15671,0.70008874
15672,0.7163337
15673,0.2596435
15674,0.02448633
15675,0.6262576
15676,0.034742527
15677,0.5375959
15678,0.8842133
15679,0.24308683
15680,0.037755065
15681,0.7739399
15682,0.34524533
15683,0.590196
15684,0.042005096
15685,0.0037568372
15686,0.0730682
15687,0.016164303
15688,0.6650986
15689,0.49981987
15690,0.040264707
15691,0.6079679
15692,0.46840987
15693,0.12712811
15694,0.010094431
15695,0.65100366
15696,0.8843552
15697,0.09850216
15698,0.004413318
15699,0.48276585
15700,0.031030156
15701,0.37197918
15702,0.010745515
15703,0.0020157592
15704,0.6512425
15705,0.039886136
15706,0.8706623
15707,0.50878876
15708,0.94164175
15709,0.357151
15710,0.0059080427
15711,0.0011001293
15712,0.020888073
15713,0.007845088
15714,0.022414314
15715,0.38153428
15716,0.003865861
15717,0.05944135
15718,0.7875646
15719,0.617625
15720,0.0023020303
15721,0.8257597
15722,0.0052007423
15723,0.62305033
15724,0.017631179
15725,0.009019121
15726,0.0057169525
15727,0.8759881
15728,0.8068296
15729,0.7163202
15730,0.22436054
15731,0.0028503602
15732,0.9109432
15733,0.043004364
15734,0.49461198
15735,0.043188978
15736,0.008242403
15737,0.5425136
15738,0.5575167
15739,0.02292289
15740,0.6327341
15741,0.010659721
15742,0.035819124
15743,0.5837972
15744,0.612417
15745,0.7162606
15746,0.034555808
15747,0.0037887415
15748,0.01355807
15749,0.36501378
15750,0.008454908
15751,0.58954424
15752,0.16088368
15753,0.003133679
15754,0.014183609
15755,0.0052063838
15756,0.015414461
15757,0.8077436
15758,0.51996654
15759,0.004561039
15760,0.18996225
15761,0.7532907
15762,0.036186926
15763,0.8620347
15764,0.003314593
15765,0.83667785
15766,0.008205863
15767,0.05760976
15768,0.17862763
15769,0.8910928
15770,0.53251934
15771,0.73485184
15772,0.63069814
15773,0.0025316763
15774,0.64404714
15775,0.05736448
15776,0.09201023
15777,0.67342246
15778,0.33123603
15779,0.5675822
15780,0.010362887
15781,0.05562865
15782,0.47886935
15783,0.8956297
15784,0.0033468562
15785,0.73060614
15786,0.032742262
15787,0.7743734
15788,0.012610886
15789,0.7976025
15790,0.61447436
15791,0.4059673
15792,0.1741196
15793,0.7539212
15794,0.7936813
15795,0.82778966
15796,0.0014718176
15797,0.8138255
15798,0.6291301
15799,0.19857685
15800,0.69056636
15801,0.17596827
15802,0.7308066
15803,0.9138444
15804,0.7658365
15805,0.0020103096
15806,0.29210138
15807,0.4291072
15808,0.37628192
15809,0.6667759
15810,0.08101715
15811,0.936024
15812,0.19029802
15813,0.10280239
15814,0.0035162221
15815,0.002319598
15816,0.022946723
15817,0.40995988
15818,0.032259632
15819,0.4876649
15820,0.39337578
15821,0.008597981
15822,0.53715444
15823,0.020063508
15824,0.638333
15825,0.7270137
15826,0.003814631
15827,0.53212553
15828,0.65960294
15829,0.003459085
15830,0.7712266
15831,0.005569052
15832,0.015849246
15833,0.6745273
15834,0.03189337
15835,0.38891983
15836,0.68860346
15837,0.8281081
15838,0.0046318807
15839,0.010768674
15840,0.8705506
15841,0.70295805
15842,0.82030046
15843,0.7943248
15844,0.6310898
15845,0.72261816
15846,0.35708866
15847,0.267448
15848,0.43909025
15849,0.003237141
15850,0.63622123
15851,0.89194775
15852,0.718488
15853,0.0014234714
15854,0.7227161
15855,0.42024484
15856,0.72534
15857,0.610941
15858,0.7928218
15859,0.8084042
15860,0.7037019
15861,0.719148
15862,0.09939411
15863,0.011699965
15864,0.11769311
15865,0.45583016
15866,0.026294148
15867,0.6719305
15868,0.015727658
15869,0.730397
15870,0.81377035
15871,0.62597525
15872,0.7134442
15873,0.0116138775
15874,0.0023465345
15875,0.4293715
15876,0.40692988
15877,0.3113011
15878,0.7051274
15879,0.81121737
15880,0.29227403
15881,0.53450537
15882,0.9516952
15883,0.88676834
15884,0.15348355
15885,0.9302366
15886,0.43556905
15887,0.017676808
15888,0.775188
15889,0.8220938
15890,0.27785257
15891,0.9260457
15892,0.004403453
15893,0.018241074
15894,0.6335711
15895,0.55012816
15896,0.9133175
15897,0.82965183
15898,0.0018225147
15899,0.73067915
15900,0.5557182
15901,0.313101
15902,0.76729786
15903,0.8276074
15904,0.871708
15905,0.01294068
15906,0.039903175
15907,0.830575
15908,0.012762246
15909,0.035049908
15910,0.036061157
15911,0.68000555
15912,0.0027094109
15913,0.0023495762
15914,0.712579
15915,0.02389585
15916,0.6738197
15917,0.19590007
15918,0.6077959
15919,0.5959716
15920,0.2849545
15921,0.5820802
15922,0.03615553
15923,0.9141169
15924,0.81941617
15925,0.43889982
15926,0.05856787
15927,0.011510747
15928,0.85116965
15929,0.113916665
15930,0.035199877
15931,0.8982546
15932,0.48971143
15933,0.05960069
15934,0.004179969
15935,0.6133945
15936,0.8136929
15937,0.8015633
15938,0.50700545
15939,0.0018428282
15940,0.65907526
15941,0.40139377
15942,0.10348621
15943,0.006676988
15944,0.24315435
15945,0.014833787
15946,0.1469716
15947,0.0062688515
15948,0.74051785
15949,0.79719365
15950,0.19890831
15951,0.42145836
15952,0.8145368
15953,0.007901588
15954,0.52186346
15955,0.67817837
15956,0.08083481
15957,0.4849939
15958,0.10001172
15959,0.45673227
15960,0.01686283
15961,0.6468886
15962,0.029291196
15963,0.4264
15964,0.12365724
15965,0.019876797
15966,0.005362855
15967,0.9254085
15968,0.6192103
15969,0.26216725
15970,0.33178887
15971,0.51389194
15972,0.0036457821
15973,0.7172787
15974,0.15113391
15975,0.095982544
15976,0.8671686
15977,0.2340349
15978,0.71762174
15979,0.645804
15980,0.0015093259
15981,0.003020056
15982,0.29969263
15983,0.014977931
15984,0.62195
15985,0.94169027
15986,0.12214049
15987,0.03722659
15988,0.5419104
15989,0.4190656
15990,0.26169387
15991,0.5285841
15992,0.021024387
15993,0.71880656
15994,0.8738858
15995,0.82551163
15996,0.33605668
15997,0.8259162
15998,0.709717
15999,0.17969409
16000,0.048697233
16001,0.6908524
16002,0.45866117
16003,0.01150648
16004,0.0034976914
16005,0.71792746
16006,0.015511879
16007,0.71007144
16008,0.9054142
16009,0.045362625
16010,0.08170257
16011,0.41278
16012,0.8553357
16013,0.86549294
16014,0.026296962
16015,0.009097783
16016,0.7624002
16017,0.27884442
16018,0.18104593
16019,0.05390541
16020,0.03761896
16021,0.57180685
16022,0.005909511
16023,0.8392567
16024,0.79393935
16025,0.78779876
16026,0.4217569
16027,0.93471247
16028,0.006201262
16029,0.8429538
16030,0.0030023947
16031,0.792552
16032,0.043591768
16033,0.27949208
16034,0.27974704
16035,0.5921937
16036,0.52688915
16037,0.012035412
16038,0.83191544
16039,0.3399042
16040,0.004297798
16041,0.30954468
16042,0.88180715
16043,0.007485069
16044,0.004700603
16045,0.43319428
16046,0.81638175
16047,0.005729558
16048,0.10545347
16049,0.5107492
16050,0.004393609
16051,0.032779284
16052,0.71896255
16053,0.015138866
16054,0.8337946
16055,0.3618354
16056,0.64814633
16057,0.05152058
16058,0.19509383
16059,0.7045052
16060,0.0068225274
16061,0.14086686
16062,0.78136295
16063,0.008326362
16064,0.0017000956
16065,0.025744667
16066,0.7667875
16067,0.0041108616
16068,0.03303552
16069,0.072800234
16070,0.5740078
16071,0.7856299
16072,0.69640195
16073,0.22446083
16074,0.6397309
16075,0.003564471
16076,0.0027595318
16077,0.25538325
16078,0.5011558
16079,0.81349677
16080,0.6906124
16081,0.5289938
16082,0.0017600019
16083,0.24335374
16084,0.92184675
16085,0.69376206
16086,0.9171248
16087,0.4929482
16088,0.106291875
16089,0.009484365
16090,0.7764961
16091,0.005457549
16092,0.009028925
16093,0.677375
16094,0.0017695569
16095,0.81384075
16096,0.0029283299
16097,0.139609
16098,0.8799316
16099,0.6173985
16100,0.7336122
16101,0.85597014
16102,0.023736343
16103,0.2418195
16104,0.54373044
16105,0.0029603026
16106,0.026514424
16107,0.3053841
16108,0.11139243
16109,0.56952345
16110,0.48238325
16111,0.60729915
16112,0.22293864
16113,0.0017128378
16114,0.21348852
16115,0.6383589
16116,0.01273246
16117,0.27721417
16118,0.46145633
16119,0.34553388
16120,0.3401879
16121,0.030611765
16122,0.0032616751
16123,0.14591321
16124,0.2285522
16125,0.53190047
16126,0.56459016
16127,0.0020044418
16128,0.5837963
16129,0.5460233
16130,0.4026813
16131,0.29679555
16132,0.27539518
16133,0.5926146
16134,0.2657936
16135,0.790468
16136,0.010510339
16137,0.4394198
16138,0.37777555
16139,0.63139576
16140,0.003743709
16141,0.021347377
16142,0.61176836
16143,0.65733963
16144,0.8071725
16145,0.2759667
16146,0.11537342
16147,0.39165
16148,0.3087433
16149,0.5783748
16150,0.013016155
16151,0.3793288
16152,0.6296107
16153,0.89410466
16154,0.02435175
16155,0.61055905
16156,0.018871505
16157,0.5039126
16158,0.0029900419
16159,0.36787534
16160,0.0060682823
16161,0.021801874
16162,0.48294115
16163,0.0028743406
16164,0.34768236
16165,0.009075709
16166,0.55099404
16167,0.45340458
16168,0.5297285
16169,0.13914298
16170,0.26724175
16171,0.0042754347
16172,0.4965573
16173,0.73841506
16174,0.26478824
16175,0.116610646
16176,0.84103715
16177,0.8145978
16178,0.01020151
16179,0.018409034
16180,0.0060485085
16181,0.0025829505
16182,0.3261583
16183,0.0053533176
16184,0.7540962
16185,0.0042714905
16186,0.18308616
16187,0.56889856
16188,0.5013155
16189,0.010223536
16190,0.5784162
16191,0.88757795
16192,0.38603848
16193,0.7999931
16194,0.5722476
16195,0.002116352
16196,0.827088
16197,0.5850831
16198,0.61699134
16199,0.0075251358
16200,0.34376207
16201,0.49296376
16202,0.008560501
16203,0.0050593494
16204,0.5839343
16205,0.59082645
16206,0.6166119
16207,0.5463879
16208,0.55700815
16209,0.0014776675
16210,0.04315044
16211,0.00977109
16212,0.090496644
16213,0.8723984
16214,0.0015664984
16215,0.35439488
16216,0.55515647
16217,0.7334498
16218,0.099307075
16219,0.7953353
16220,0.7648214
16221,0.057000585
16222,0.6239436
16223,0.0018920484
16224,0.6163211
16225,0.75068295
16226,0.6098069
16227,0.85662365
16228,0.32170284
16229,0.004461099
16230,0.07730542
16231,0.012904677
16232,0.43903315
16233,0.001589991
16234,0.032784216
16235,0.002630582
16236,0.61317605
16237,0.6868118
16238,0.9530279
16239,0.6407743
16240,0.05759778
16241,0.45471394
16242,0.2024468
16243,0.7002615
16244,0.018831808
16245,0.20271046
16246,0.0038283973
16247,0.0022797429
16248,0.9078891
16249,0.77701044
16250,0.55053586
16251,0.84037954
16252,0.76028264
16253,0.039818328
16254,0.5986105
16255,0.2923967
16256,0.019664103
16257,0.05913018
16258,0.24954766
16259,0.11293436
16260,0.7742431
16261,0.016462833
16262,0.9264059
16263,0.14303166
16264,0.077794276
16265,0.0060147503
16266,0.32359764
16267,0.2990388
16268,0.09961956
16269,0.0049295663
16270,0.34400582
16271,0.6666276
16272,0.4925076
16273,0.118774004
16274,0.0037659286
16275,0.5631383
16276,0.900725
16277,0.74009794
16278,0.048546728
16279,0.031193163
16280,0.70908934
16281,0.1125887
16282,0.0015755225
16283,0.6756515
16284,0.04140326
16285,0.013008151
16286,0.55253345
16287,0.0057349824
16288,0.02744125
16289,0.7584433
16290,0.05714883
16291,0.74100333
16292,0.65312964
16293,0.9145523
16294,0.045501746
16295,0.0046177898
16296,0.106291935
16297,0.70823133
16298,0.60421985
16299,0.37451696
16300,0.011154911
16301,0.9261813
16302,0.20565058
16303,0.43552378
16304,0.10407638
16305,0.008677828
16306,0.17810732
16307,0.62049633
16308,0.0073650246
16309,0.011595281
16310,0.88278294
16311,0.8359616
16312,0.003924615
16313,0.002523343
16314,0.43352342
16315,0.6661731
16316,0.048870094
16317,0.4441906
16318,0.056506455
16319,0.66404146
16320,0.24091476
16321,0.6544811
16322,0.0021996233
16323,0.0053055827
16324,0.9389535
16325,0.68094295
16326,0.14310698
16327,0.010426391
16328,0.003142015
16329,0.80081636
16330,0.8127709
16331,0.021453526
16332,0.01106623
16333,0.8451348
16334,0.60247886
16335,0.5151306
16336,0.8109533
16337,0.69183546
16338,0.27891833
16339,0.9221626
16340,0.007851
16341,0.6883878
16342,0.18918052
16343,0.008351858
16344,0.8260705
16345,0.7503566
16346,0.44210595
16347,0.004007657
16348,0.009133747
16349,0.23737599
16350,0.601829
16351,0.160143
16352,0.22391084
16353,0.37861937
16354,0.54603297
16355,0.7838347
16356,0.5908657
16357,0.022347996
16358,0.89419526
16359,0.33982956
16360,0.5300059
16361,0.0018836344
16362,0.0016050106
16363,0.9518865
16364,0.51475024
16365,0.0031206084
16366,0.26202396
16367,0.85575247
16368,0.106417164
16369,0.5369319
16370,0.033322826
16371,0.0028264197
16372,0.7010417
16373,0.68667376
16374,0.0052770255
16375,0.5801889
16376,0.29213756
16377,0.65156895
16378,0.024144715
16379,0.54902107
16380,0.6910885
16381,0.002256181
16382,0.0009890904
16383,0.012207814
16384,0.94334364
16385,0.8067522
16386,0.07011904
16387,0.0020873293
16388,0.72390693
16389,0.36930496
16390,0.8782431
16391,0.90932584
16392,0.66111994
16393,0.018631386
16394,0.38385603
16395,0.03803104
16396,0.19270794
16397,0.6871587
16398,0.6287443
16399,0.0035989026
16400,0.0021862392
16401,0.0034076597
16402,0.018282166
16403,0.27367288
16404,0.0039996514
16405,0.7081194
16406,0.3211986
16407,0.7257992
16408,0.38916093
16409,0.13317281
16410,0.2564149
16411,0.7363781
16412,0.038444694
16413,0.9466618
16414,0.56585693
16415,0.017905599
16416,0.0643076
16417,0.680424
16418,0.60672307
16419,0.09091902
16420,0.027818583
16421,0.77021724
16422,0.083084054
16423,0.63194937
16424,0.7447551
16425,0.6928122
16426,0.006517291
16427,0.0038844491
16428,0.0019800712
16429,0.56357276
16430,0.7660395
16431,0.46270764
16432,0.01510459
16433,0.55132467
16434,0.007274565
16435,0.91100585
16436,0.92430806
16437,0.70752776
16438,0.86886746
16439,0.57614523
16440,0.025762875
16441,0.0030602526
16442,0.013546144
16443,0.6726991
16444,0.6684449
16445,0.53367925
16446,0.61793154
16447,0.43577874
16448,0.0054012975
16449,0.64323044
16450,0.91366893
16451,0.007951423
16452,0.26410675
16453,0.011754367
16454,0.014586731
16455,0.40024918
16456,0.12981641
16457,0.7342237
16458,0.09195211
16459,0.0006201716
16460,0.44403046
16461,0.9031829
16462,0.03435436
16463,0.21418248
16464,0.5048792
16465,0.5225696
16466,0.0029055334
16467,0.5771292
16468,0.006897361
16469,0.012058285
16470,0.8513647
16471,0.77007365
16472,0.36000904
16473,0.38352615
16474,0.032504685
16475,0.7730053
16476,0.70952606
16477,0.6202803
16478,0.055961497
16479,0.26419643
16480,0.5010158
16481,0.007719032
16482,0.003742789
16483,0.002653291
16484,0.94252664
16485,0.021688635
16486,0.023387896
16487,0.8182368
16488,0.93534315
16489,0.6333674
16490,0.0055298223
16491,0.7902552
16492,0.0036508248
16493,0.0079140365
16494,0.031322364
16495,0.4886445
16496,0.57360935
16497,0.58738554
16498,0.004502692
16499,0.021074753
16500,0.6752728
16501,0.023997813
16502,0.0031012534
16503,0.7079881
16504,0.55787367
16505,0.01884833
16506,0.273113
16507,0.6644693
16508,0.014943373
16509,0.011531311
16510,0.7781006
16511,0.58818877
16512,0.43666887
16513,0.068998314
16514,0.004106722
16515,0.40196738
16516,0.75511676
16517,0.0055158283
16518,0.64273506
16519,0.010396446
16520,0.007027757
16521,0.8493539
16522,0.033853963
16523,0.6516269
16524,0.37387484
16525,0.16163139
16526,0.01784945
16527,0.7161578
16528,0.5711534
16529,0.78737867
16530,0.06354742
16531,0.37992266
16532,0.015989078
16533,0.442701
16534,0.013649252
16535,0.021635873
16536,0.8007045
16537,0.004234208
16538,0.91786927
16539,0.4765644
16540,0.017172659
16541,0.030607149
16542,0.015195676
16543,0.1505661
16544,0.15940817
16545,0.32278275
16546,0.6410218
16547,0.016586974
16548,0.9042952
16549,0.70700717
16550,0.004757838
16551,0.0037611118
16552,0.62499213
16553,0.00075922796
16554,0.6277225
16555,0.018700916
16556,0.06894428
16557,0.48169947
16558,0.013718146
16559,0.5780542
16560,0.67328703
16561,0.5120126
16562,0.008503956
16563,0.8524462
16564,0.86763674
16565,0.0043634283
16566,0.2447397
16567,0.007262104
16568,0.7557233
16569,0.0013664223
16570,0.7278984
16571,0.001886534
16572,0.7304883
16573,0.6779502
16574,0.29045933
16575,0.8367145
16576,0.60429883
16577,0.46207199
16578,0.759587
16579,0.012509985
16580,0.76470804
16581,0.95219713
16582,0.010677793
16583,0.05068719
16584,0.6914392
16585,0.28713936
16586,0.65186274
16587,0.0035197379
16588,0.5948753
16589,0.7659451
16590,0.029811261
16591,0.36626408
16592,0.61445206
16593,0.25398886
16594,0.38553387
16595,0.80266607
16596,0.010655516
16597,0.63534784
16598,0.6150442
16599,0.5107607
16600,0.38236767
16601,0.0793107
16602,0.039516818
16603,0.6533183
16604,0.5866901
16605,0.4450865
16606,0.3286839
16607,0.0013379798
16608,0.92960155
16609,0.92352337
16610,0.6823767
16611,0.7222667
16612,0.013592838
16613,0.014490282
16614,0.8836706
16615,0.004661194
16616,0.034264542
16617,0.34494624
16618,0.77989465
16619,0.0044718008
16620,0.8384514
16621,0.0026818034
16622,0.35233325
16623,0.016078925
16624,0.004223914
16625,0.7740466
16626,0.19966666
16627,0.36975792
16628,0.870505
16629,0.5830297
16630,0.023651635
16631,0.78193176
16632,0.44978547
16633,0.00122764
16634,0.0064778575
16635,0.0032972076
16636,0.21763043
16637,0.058858242
16638,0.0075486028
16639,0.0024531032
16640,0.3757103
16641,0.85864913
16642,0.0014224623
16643,0.013623352
16644,0.012191428
16645,0.31217062
16646,0.00713536
16647,0.9054504
16648,0.016795706
16649,0.22902763
16650,0.00862241
16651,0.76034
16652,0.28439268
16653,0.018749041
16654,0.9549342
16655,0.37461343
16656,0.2247485
16657,0.8604709
16658,0.017122537
16659,0.825601
16660,0.27491292
16661,0.6322326
16662,0.24213678
16663,0.65868646
16664,0.047307726
16665,0.765763
16666,0.7071521
16667,0.7206096
16668,0.18490846
16669,0.0016168337
16670,0.32744068
16671,0.7961597
16672,0.5184172
16673,0.009041588
16674,0.0041566426
16675,0.0018993302
16676,0.077201955
16677,0.33232194
16678,0.5454046
16679,0.67271686
16680,0.03188268
16681,0.65085113
16682,0.690663
16683,0.007270182
16684,0.054327838
16685,0.33560497
16686,0.01721638
16687,0.9002689
16688,0.0007210886
16689,0.109772295
16690,0.7483452
16691,0.05023937
16692,0.39526227
16693,0.6271413
16694,0.8553864
16695,0.75443006
16696,0.62572736
16697,0.8297139
16698,0.043878753
16699,0.16887145
16700,0.5127345
16701,0.0005389845
16702,0.4455556
16703,0.6155001
16704,0.0060311556
16705,0.007419084
16706,0.022590512
16707,0.6428295
16708,0.0033310505
16709,0.0029409472
16710,0.5759204
16711,0.013998497
16712,0.010730633
16713,0.7941289
16714,0.020227535
16715,0.0035808692
16716,0.59272313
16717,0.83575815
16718,0.040447358
16719,0.4756996
16720,0.46849716
16721,0.7234583
16722,0.23128973
16723,0.009574455
16724,0.009179047
16725,0.2465968
16726,0.004642896
16727,0.02207015
16728,0.0056282184
16729,0.7860134
16730,0.010416796
16731,0.42423928
16732,0.7539543
16733,0.758726
16734,0.9445211
16735,0.51089525
16736,0.010773647
16737,0.47172126
16738,0.5840693
16739,0.082720384
16740,0.042427823
16741,0.22071083
16742,0.004846999
16743,0.8155225
16744,0.2790671
16745,0.64005035
16746,0.22404386
16747,0.5559303
16748,0.52681345
16749,0.1967366
16750,0.5974596
16751,0.0068779583
16752,0.18213995
16753,0.08699719
16754,0.029289125
16755,0.40423855
16756,0.022185512
16757,0.3104042
16758,0.005202239
16759,0.2376524
16760,0.77878034
16761,0.7198059
16762,0.035001747
16763,0.7128063
16764,0.5134114
16765,0.19725633
16766,0.45474467
16767,0.003827583
16768,0.66545725
16769,0.33733982
16770,0.9171065
16771,0.9314813
16772,0.92638785
16773,0.008048441
16774,0.24666844
16775,0.022570165
16776,0.015820056
16777,0.44290456
16778,0.013920606
16779,0.17273834
16780,0.93385357
16781,0.5370467
16782,0.016801134
16783,0.60980463
16784,0.008228158
16785,0.41452464
16786,0.0068653976
16787,0.48027426
16788,0.25777438
16789,0.50495887
16790,0.021526536
16791,0.017551199
16792,0.63031065
16793,0.7724671
16794,0.0008708413
16795,0.34962302
16796,0.60563004
16797,0.0065210545
16798,0.5308161
16799,0.8748561
16800,0.1568912
16801,0.0012005523
16802,0.53622574
16803,0.09041195
16804,0.26434746
16805,0.01900093
16806,0.4788964
16807,0.0031403813
16808,0.023366353
16809,0.0030561944
16810,0.90674376
16811,0.08778161
16812,0.768276
16813,0.0054846173
16814,0.763474
16815,0.06443619
16816,0.36232352
16817,0.0034363156
16818,0.84721595
16819,0.6589015
16820,0.009438039
16821,0.0029867105
16822,0.653321
16823,0.19152865
16824,0.54048324
16825,0.33322272
16826,0.012043049
16827,0.17625943
16828,0.6149724
16829,0.86937886
16830,0.7383411
16831,0.7476627
16832,0.3450626
16833,0.41662815
16834,0.059593357
16835,0.5678363
16836,0.7198875
16837,0.008730314
16838,0.34011772
16839,0.53693044
16840,0.017879667
16841,0.6004271
16842,0.45232162
16843,0.009080805
16844,0.047862053
16845,0.57731897
16846,0.35608536
16847,0.5268943
16848,0.7454995
16849,0.66342384
16850,0.59659034
16851,0.5825694
16852,0.054574803
16853,0.49486852
16854,0.013726342
16855,0.42955726
16856,0.7379383
16857,0.0018118266
16858,0.56759095
16859,0.03556674
16860,0.056666303
16861,0.13205518
16862,0.48425394
16863,0.8114037
16864,0.032300286
16865,0.8660959
16866,0.8596815
16867,0.030005097
16868,0.6221238
16869,0.26960167
16870,0.8599588
16871,0.7016749
16872,0.7901355
16873,0.7686002
16874,0.7473334
16875,0.7438671
16876,0.04475375
16877,0.0035113983
16878,0.07574607
16879,0.7880847
16880,0.25918585
16881,0.0047981134
16882,0.8175401
16883,0.0022326417
16884,0.046564866
16885,0.0010852227
16886,0.16744004
16887,0.02546913
16888,0.015226422
16889,0.108030386
16890,0.33001927
16891,0.4664675
16892,0.0021514553
16893,0.8885915
16894,0.8602362
16895,0.08362946
16896,0.62945735
16897,0.708669
16898,0.24089667
16899,0.10444349
16900,0.0068124807
16901,0.8972538
16902,0.55258185
16903,0.0360419
16904,0.00825765
16905,0.9257462
16906,0.17271064
16907,0.023455784
16908,0.023430936
16909,0.014000704
16910,0.57305455
16911,0.7845837
16912,0.71318704
16913,0.67550457
16914,0.04321245
16915,0.021352347
16916,0.79012126
16917,0.7718811
16918,0.041606825
16919,0.85548466
16920,0.37950197
16921,0.032322243
16922,0.56824386
16923,0.18225229
16924,0.002646643
16925,0.46843776
16926,0.7841119
16927,0.67085403
16928,0.005314904
16929,0.007991203
16930,0.028084453
16931,0.021988088
16932,0.90404993
16933,0.5372817
16934,0.6459647
16935,0.004105167
16936,0.0027942676
16937,0.006247178
16938,0.26962635
16939,0.25500333
16940,0.48837295
16941,0.5894058
16942,0.75615644
16943,0.0019083148
16944,0.098602064
16945,0.006110126
16946,0.48341584
16947,0.35388428
16948,0.30191875
16949,0.019275976
16950,0.0018894828
16951,0.8683106
16952,0.22027571
16953,0.4860329
16954,0.11553474
16955,0.7253531
16956,0.25666338
16957,0.0042532803
16958,0.9111593
16959,0.1763776
16960,0.009075537
16961,0.28441674
16962,0.22939397
16963,0.0043604583
16964,0.06908172
16965,0.9376853
16966,0.012553582
16967,0.72267234
16968,0.83946764
16969,0.35654745
16970,0.71021676
16971,0.63970125
16972,0.56614643
16973,0.52941805
16974,0.023344228
16975,0.02845378
16976,0.7893452
16977,0.51932746
16978,0.043284077
16979,0.0074856128
16980,0.39498135
16981,0.30156004
16982,0.01006081
16983,0.11625275
16984,0.47164142
16985,0.4915995
16986,0.6569639
16987,0.3900849
16988,0.024595441
16989,0.2519439
16990,0.62249327
16991,0.69265074
16992,0.64104825
16993,0.00858837
16994,0.36221603
16995,0.68979025
16996,0.10016256
16997,0.004046095
16998,0.032455273
16999,0.77527875
17000,0.5797579
17001,0.78027946
17002,0.65473163
17003,0.3904215
17004,0.7383762
17005,0.057139833
17006,0.071439095
17007,0.8633192
17008,0.0030483224
17009,0.87062746
17010,0.89806354
17011,0.46579322
17012,0.00830748
17013,0.0012339652
17014,0.27196205
17015,0.82711023
17016,0.0018520918
17017,0.68339926
17018,0.008407676
17019,0.006857332
17020,0.005156569
17021,0.0028405446
17022,0.0063558016
17023,0.78245705
17024,0.88684857
17025,0.67847896
17026,0.0034302634
17027,0.067907736
17028,0.0062511526
17029,0.053402558
17030,0.20529652
17031,0.007939708
17032,0.0006349183
17033,0.0028211633
17034,0.61045027
17035,0.009183752
17036,0.6639265
17037,0.24054617
17038,0.00542522
17039,0.5273662
17040,0.004998513
17041,0.83831996
17042,0.69865346
17043,0.027758012
17044,0.6999927
17045,0.050368644
17046,0.93847346
17047,0.8288357
17048,0.013633679
17049,0.7087703
17050,0.014633145
17051,0.64949596
17052,0.03581707
17053,0.0039613866
17054,0.78310406
17055,0.6615305
17056,0.905379
17057,0.008737125
17058,0.46468538
17059,0.68389875
17060,0.8189232
17061,0.005337022
17062,0.588533
17063,0.6375583
17064,0.36755994
17065,0.050676025
17066,0.006618868
17067,0.769212
17068,0.013014814
17069,0.0028358593
17070,0.70270234
17071,0.24935664
17072,0.22495063
17073,0.03745493
17074,0.8482892
17075,0.8264631
17076,0.0047504
17077,0.50639755
17078,0.001997981
17079,0.5913162
17080,0.40040082
17081,0.3254874
17082,0.7028858
17083,0.005334878
17084,0.0012285726
17085,0.021649728
17086,0.011924676
17087,0.026715033
17088,0.4136395
17089,0.0050150277
17090,0.7793681
17091,0.0030894764
17092,0.46839103
17093,0.43889764
17094,0.30895647
17095,0.8636106
17096,0.39996475
17097,0.009847885
17098,0.8518615
17099,0.31289792
17100,0.19580191
17101,0.61253387
17102,0.8150922
17103,0.0026362266
17104,0.556017
17105,0.82800907
17106,0.045986388
17107,0.002726096
17108,0.83199155
17109,0.007340905
17110,0.28956017
17111,0.06267748
17112,0.4354516
17113,0.10362465
17114,0.6488479
17115,0.67957675
17116,0.004893457
17117,0.06210728
17118,0.6112502
17119,0.0014323505
17120,0.88365465
17121,0.18313076
17122,0.7001512
17123,0.1119652
17124,0.0015421762
17125,0.0013579883
17126,0.5778
17127,0.010105034
17128,0.5420744
17129,0.58060455
17130,0.8398753
17131,0.009913689
17132,0.62719196
17133,0.4227546
17134,0.7865154
17135,0.038136326
17136,0.4089763
17137,0.010009538
17138,0.83767384
17139,0.013128889
17140,0.0017513477
17141,0.77067906
17142,0.6793986
17143,0.00897253
17144,0.7671867
17145,0.00837392
17146,0.6803668
17147,0.79450095
17148,0.34314156
17149,0.04867258
17150,0.31300178
17151,0.44322902
17152,0.48485532
17153,0.3467495
17154,0.24079397
17155,0.42397964
17156,0.46705645
17157,0.29813966
17158,0.0025337443
17159,0.32264525
17160,0.9489242
17161,0.79681236
17162,0.018690716
17163,0.0114027215
17164,0.89123166
17165,0.819944
17166,0.3733129
17167,0.5208418
17168,0.7269752
17169,0.6171912
17170,0.8872084
17171,0.028823813
17172,0.011342
17173,0.8632945
17174,0.03880761
17175,0.33568972
17176,0.004788833
17177,0.9046768
17178,0.5561987
17179,0.8678564
17180,0.020995297
17181,0.23042247
17182,0.51757413
17183,0.5161735
17184,0.07308746
17185,0.7113486
17186,0.0035596443
17187,0.0044947467
17188,0.8622536
17189,0.7927929
17190,0.7267078
17191,0.043432534
17192,0.016516775
17193,0.38005984
17194,0.115254074
17195,0.044153396
17196,0.5728305
17197,0.22024134
17198,0.40275985
17199,0.49986774
17200,0.8478147
17201,0.1597285
17202,0.50251985
17203,0.014594786
17204,0.8339967
17205,0.030829765
17206,0.17008743
17207,0.047756895
17208,0.85276055
17209,0.8304436
17210,0.23580328
17211,0.5952589
17212,0.25807142
17213,0.010297101
17214,0.042298604
17215,0.851667
17216,0.7215798
17217,0.0059266817
17218,0.7401186
17219,0.6359276
17220,0.71888953
17221,0.60850173
17222,0.445546
17223,0.4346733
17224,0.9383696
17225,0.6506154
17226,0.025325695
17227,0.0028252173
17228,0.00043538856
17229,0.43089065
17230,0.19463407
17231,0.009019612
17232,0.0017122688
17233,0.17077056
17234,0.10605614
17235,0.2466442
17236,0.6377247
17237,0.4557494
17238,0.7135471
17239,0.15783538
17240,0.6315938
17241,0.57173204
17242,0.7043704
17243,0.82997346
17244,0.29244354
17245,0.5871421
17246,0.39633623
17247,0.6332386
17248,0.1888377
17249,0.6087895
17250,0.8325497
17251,0.003375456
17252,0.7533217
17253,0.83308494
17254,0.48139158
17255,0.7464815
17256,0.5064005
17257,0.8664833
17258,0.56461954
17259,0.8100061
17260,0.01041034
17261,0.591096
17262,0.45313817
17263,0.008987877
17264,0.5403803
17265,0.5932502
17266,0.008471347
17267,0.25541753
17268,0.45557195
17269,0.006115469
17270,0.18629023
17271,0.6189521
17272,0.010411331
17273,0.8301665
17274,0.012418808
17275,0.017646953
17276,0.002814878
17277,0.3812988
17278,0.28789526
17279,0.39783427
17280,0.8477071
17281,0.13905281
17282,0.533876
17283,0.5903884
17284,0.73172814
17285,0.0027582028
17286,0.69195926
17287,0.0033170287
17288,0.53012097
17289,0.36460286
17290,0.0043695867
17291,0.0043052696
17292,0.045940023
17293,0.6019617
17294,0.81054735
17295,0.0031146728
17296,0.9135191
17297,0.0020420153
17298,0.8411696
17299,0.029262833
17300,0.013344307
17301,0.15786774
17302,0.41612515
17303,0.08810751
17304,0.22977923
17305,0.37720785
17306,0.010708437
17307,0.42125747
17308,0.33044544
17309,0.09066007
17310,0.6738398
17311,0.457607
17312,0.75547504
17313,0.004512473
17314,0.20850338
17315,0.45586497
17316,0.0054493006
17317,0.24367674
17318,0.54314524
17319,0.6263969
17320,0.8734317
17321,0.6635686
17322,0.006106912
17323,0.01670149
17324,0.010270789
17325,0.80383563
17326,0.62388545
17327,0.20008124
17328,0.24279563
17329,0.37222603
17330,0.8177342
17331,0.013900449
17332,0.0016504026
17333,0.45783576
17334,0.0025360954
17335,0.0016197951
17336,0.11250165
17337,0.0044965264
17338,0.701308
17339,0.009805335
17340,0.0038528482
17341,0.6777964
17342,0.0016179108
17343,0.01174906
17344,0.2218617
17345,0.004999452
17346,0.0015409741
17347,0.48446396
17348,0.0017564651
17349,0.0041645835
17350,0.05059799
17351,0.9278993
17352,0.04205671
17353,0.6022383
17354,0.02044904
17355,0.6800723
17356,0.29987025
17357,0.74931973
17358,0.1711248
17359,0.7897859
17360,0.013563367
17361,0.67658055
17362,0.011598618
17363,0.46715853
17364,0.6343318
17365,0.80918103
17366,0.06777582
17367,0.6340835
17368,0.85483617
17369,0.0027595302
17370,0.029821573
17371,0.87023395
17372,0.18149261
17373,0.41054484
17374,0.003628154
17375,0.51266974
17376,0.0795701
17377,0.2399453
17378,0.002159811
17379,0.01204938
17380,0.87125546
17381,0.024862286
17382,0.79966956
17383,0.003253941
17384,0.36706907
17385,0.74694467
17386,0.0498567
17387,0.77972233
17388,0.85515976
17389,0.46933323
17390,0.0017614715
17391,0.009310324
17392,0.69977283
17393,0.89477247
17394,0.0065608816
17395,0.010443207
17396,0.0033751929
17397,0.0012851058
17398,0.021008747
17399,0.037058238
17400,0.7126298
17401,0.8773243
17402,0.81393087
17403,0.15356274
17404,0.028457323
17405,0.31056914
17406,0.05383869
17407,0.8340729
17408,0.635642
17409,0.85931516
17410,0.02534544
17411,0.786273
17412,0.7422275
17413,0.029252037
17414,0.009545017
17415,0.006940065
17416,0.5515345
17417,0.0032481777
17418,0.31051943
17419,0.70970523
17420,0.0053240317
17421,0.009805126
17422,0.0062589417
17423,0.16631855
17424,0.41139418
17425,0.038031086
17426,0.7738599
17427,0.18896279
17428,0.025752917
17429,0.8751283
17430,0.29931727
17431,0.97788674
17432,0.13568935
17433,0.6181142
17434,0.8756941
17435,0.2989385
17436,0.002226975
17437,0.80892575
17438,0.711662
17439,0.7029429
17440,0.64706045
17441,0.72582406
17442,0.44274646
17443,0.0015572811
17444,0.4164989
17445,0.010879845
17446,0.46503007
17447,0.74431664
17448,0.014712606
17449,0.028409345
17450,0.82436055
17451,0.013426038
17452,0.64750874
17453,0.31514123
17454,0.6557905
17455,0.2737063
17456,0.019892924
17457,0.6248649
17458,0.81259125
17459,0.12535903
17460,0.15608887
17461,0.38353196
17462,0.35738364
17463,0.63107663
17464,0.8862175
17465,0.058471702
17466,0.8921739
17467,0.5887102
17468,0.6102191
17469,0.40890294
17470,0.86529654
17471,0.9651398
17472,0.72897094
17473,0.7527982
17474,0.61765885
17475,0.6085322
17476,0.16499513
17477,0.897731
17478,0.09912487
17479,0.36662117
17480,0.033716865
17481,0.20455654
17482,0.9154869
17483,0.06159915
17484,0.055031713
17485,0.81326944
17486,0.67385215
17487,0.2787896
17488,0.7806021
17489,0.046900555
17490,0.8724355
17491,0.009660748
17492,0.7773695
17493,0.049242504
17494,0.8050395
17495,0.026085025
17496,0.67072994
17497,0.051825017
17498,0.0010513678
17499,0.51964074
17500,0.74711746
17501,0.5273023
17502,0.7663275
17503,0.3192584
17504,0.0019746642
17505,0.002689516
17506,0.7029111
17507,0.13243477
17508,0.6790617
17509,0.15952966
17510,0.8960136
17511,0.01462746
17512,0.39525256
17513,0.061496064
17514,0.24247886
17515,0.0015718493
17516,0.3244188
17517,0.0058768713
17518,0.8941873
17519,0.002376359
17520,0.061187122
17521,0.5515687
17522,0.3419925
17523,0.77954346
17524,0.7105369
17525,0.9114474
17526,0.0014622278
17527,0.62184143
17528,0.35479045
17529,0.010405709
17530,0.8061463
17531,0.39507732
17532,0.0033127933
17533,0.030505884
17534,0.50490737
17535,0.47136116
17536,0.5499411
17537,0.005927288
17538,0.58964473
17539,0.00081916404
17540,0.5954745
17541,0.065366074
17542,0.5538466
17543,0.0052690194
17544,0.8094414
17545,0.01408176
17546,0.464106
17547,0.03541429
17548,0.019266084
17549,0.28483394
17550,0.55700225
17551,0.6576998
17552,0.5698362
17553,0.26812392
17554,0.6241137
17555,0.17551021
17556,0.47917682
17557,0.8184761
17558,0.5128361
17559,0.043433733
17560,0.6186451
17561,0.40461522
17562,0.89673936
17563,0.0032371907
17564,0.8789699
17565,0.49163002
17566,0.0038028613
17567,0.00698199
17568,0.5314134
17569,0.8622169
17570,0.23671253
17571,0.88495344
17572,0.4638773
17573,0.62329316
17574,0.6382725
17575,0.929932
17576,0.68255854
17577,0.9089805
17578,0.25203416
17579,0.5785577
17580,0.3111664
17581,0.01384086
17582,0.0028859158
17583,0.7900067
17584,0.0072826077
17585,0.009495171
17586,0.29025435
17587,0.007130937
17588,0.8577268
17589,0.0018680686
17590,0.0062546777
17591,0.3418457
17592,0.82444227
17593,0.48528624
17594,0.43593028
17595,0.24183407
17596,0.271535
17597,0.43842998
17598,0.6003694
17599,0.010332855
17600,0.0052538873
17601,0.37480298
17602,0.003346343
17603,0.02389317
17604,0.5156603
17605,0.7689194
17606,0.746193
17607,0.4878838
17608,0.6307758
17609,0.4243847
17610,0.40509596
17611,0.25974387
17612,0.9400433
17613,0.41394556
17614,0.0025376605
17615,0.65075475
17616,0.022312574
17617,0.6621096
17618,0.4088753
17619,0.025436778
17620,0.84131753
17621,0.0003864427
17622,0.018227449
17623,0.0028099152
17624,0.022677734
17625,0.0059369756
17626,0.15461986
17627,0.2967088
17628,0.003186965
17629,0.93179446
17630,0.0022946037
17631,0.40475795
17632,0.90175176
17633,0.85038245
17634,0.8387467
17635,0.8159172
17636,0.11551366
17637,0.5258752
17638,0.0053631663
17639,0.07818109
17640,0.54580677
17641,0.8792069
17642,0.004640207
17643,0.9431713
17644,0.001453343
17645,0.008639128
17646,0.9042504
17647,0.82744557
17648,0.8391724
17649,0.012460994
17650,0.0027360742
17651,0.026322313
17652,0.003213232
17653,0.010944617
17654,0.19343899
17655,0.6431849
17656,0.025281036
17657,0.016502332
17658,0.23714623
17659,0.009916808
17660,0.78922623
17661,0.8247287
17662,0.7594614
17663,0.96029264
17664,0.6572103
17665,0.50923884
17666,0.032415595
17667,0.0026114422
17668,0.8057887
17669,0.9231964
17670,0.6835333
17671,0.009787778
17672,0.79484403
17673,0.5577453
17674,0.88002187
17675,0.038638014
17676,0.677023
17677,0.0050620525
17678,0.001755728
17679,0.0075523006
17680,0.0038418868
17681,0.37214458
17682,0.3684409
17683,0.626989
17684,0.004377024
17685,0.49954042
17686,0.4532902
17687,0.25846696
17688,0.65075666
17689,0.4988434
17690,0.024291389
17691,0.0037160604
17692,0.80719584
17693,0.79356784
17694,0.037587766
17695,0.008762448
17696,0.0035436791
17697,0.43363833
17698,0.8122113
17699,0.66921395
17700,0.058887366
17701,0.0023586892
17702,0.032238636
17703,0.63150495
17704,0.37208712
17705,0.5427022
17706,0.29337993
17707,0.55947715
17708,0.7927508
17709,0.0042350288
17710,0.5358042
17711,0.44675756
17712,0.54776746
17713,0.2948093
17714,0.473518
17715,0.018465722
17716,0.0067647053
17717,0.016070861
17718,0.6738719
17719,0.77100986
17720,0.21749328
17721,0.019279683
17722,0.7170021
17723,0.55803764
17724,0.01991021
17725,0.01601115
17726,0.0031819318
17727,0.8323183
17728,0.4539341
17729,0.0059982506
17730,0.005242164
17731,0.05923073
17732,0.45135093
17733,0.32923433
17734,0.00092954637
17735,0.590584
17736,0.009175741
17737,0.7580733
17738,0.92362547
17739,0.041571263
17740,0.1335467
17741,0.055066083
17742,0.003471496
17743,0.14235277
17744,0.65221524
17745,0.7361536
17746,0.6747883
17747,0.29231337
17748,0.046402175
17749,0.008857038
17750,0.004953249
17751,0.6806014
17752,0.035709303
17753,0.27332547
17754,0.018568479
17755,0.9376447
17756,0.47942525
17757,0.6664141
17758,0.79562974
17759,0.0016621662
17760,0.003147826
17761,0.006528652
17762,0.490559
17763,0.7859872
17764,0.6775274
17765,0.24171364
17766,0.013256522
17767,0.024620965
17768,0.6192839
17769,0.23533691
17770,0.09847348
17771,0.5081135
17772,0.491123
17773,0.32298672
17774,0.80702984
17775,0.6132088
17776,0.8044897
17777,0.00976424
17778,0.030769097
17779,0.3445651
17780,0.008365569
17781,0.5326592
17782,0.6394401
17783,0.30933872
17784,0.011969929
17785,0.009516667
17786,0.25357926
17787,0.5657351
17788,0.10684661
17789,0.7622074
17790,0.13880783
17791,0.0079789525
17792,0.6000807
17793,0.345164
17794,0.6644007
17795,0.18027624
17796,0.30858234
17797,0.5098302
17798,0.7507584
17799,0.002684834
17800,0.10979367
17801,0.04122906
17802,0.0018067196
17803,0.55717206
17804,0.94671696
17805,0.014915044
17806,0.014024026
17807,0.8138455
17808,0.011067682
17809,0.014953293
17810,0.55709827
17811,0.043013938
17812,0.771212
17813,0.7972554
17814,0.015925355
17815,0.002654744
17816,0.7787968
17817,0.0046027736
17818,0.25447208
17819,0.017883651
17820,0.40499765
17821,0.003985278
17822,0.48340917
17823,0.72176343
17824,0.17611016
17825,0.0024869277
17826,0.80072737
17827,0.82538444
17828,0.19902603
17829,0.7309292
17830,0.70537305
17831,0.6515945
17832,0.028624998
17833,0.0028638737
17834,0.33526787
17835,0.7730646
17836,0.034442794
17837,0.001968099
17838,0.18892643
17839,0.075144365
17840,0.034010258
17841,0.005943083
17842,0.017281977
17843,0.046884917
17844,0.2837555
17845,0.19374
17846,0.0070500257
17847,0.23489721
17848,0.75687736
17849,0.0063085565
17850,0.7225113
17851,0.44065335
17852,0.79130656
17853,0.014662822
17854,0.6433388
17855,0.0035741783
17856,0.028575344
17857,0.0055708913
17858,0.0013948141
17859,0.012057227
17860,0.3921649
17861,0.84366244
17862,0.2407563
17863,0.68841076
17864,0.73016816
17865,0.8372225
17866,0.41511178
17867,0.0014427826
17868,0.0047359094
17869,0.89379203
17870,0.15050939
17871,0.018990835
17872,0.60759723
17873,0.91683334
17874,0.276645
17875,0.0017729984
17876,0.6078526
17877,0.64635515
17878,0.6749053
17879,0.0057449546
17880,0.30117515
17881,0.37748262
17882,0.538833
17883,0.37899315
17884,0.91712165
17885,0.70385027
17886,0.0029083176
17887,0.1902291
17888,0.76014644
17889,0.5197383
17890,0.007193629
17891,0.14061192
17892,0.014747673
17893,0.6739699
17894,0.60573053
17895,0.55491465
17896,0.7630698
17897,0.9036716
17898,0.041051336
17899,0.37637
17900,0.0023308732
17901,0.89920086
17902,0.60343254
17903,0.08755399
17904,0.39335907
17905,0.027861837
17906,0.47025818
17907,0.06468055
17908,0.51741934
17909,0.82796234
17910,0.908987
17911,0.78807527
17912,0.67990893
17913,0.59385073
17914,0.00163748
17915,0.0037128814
17916,0.70197845
17917,0.8357839
17918,0.12384674
17919,0.0023476311
17920,0.36247888
17921,0.0063307723
17922,0.6963612
17923,0.001963576
17924,0.5595474
17925,0.0068380604
17926,0.41955712
17927,0.40657488
17928,0.43703297
17929,0.0059807124
17930,0.0019821266
17931,0.8942875
17932,0.7415009
17933,0.007851018
17934,0.0018772996
17935,0.29427075
17936,0.0007399316
17937,0.03699601
17938,0.0062809563
17939,0.461353
17940,0.40388823
17941,0.7353695
17942,0.1737067
17943,0.0061377254
17944,0.00400637
17945,0.020654505
17946,0.82547265
17947,0.4151637
17948,0.7116892
17949,0.009458459
17950,0.46935672
17951,0.0067673223
17952,0.013927928
17953,0.036750183
17954,0.0065962127
17955,0.0036210336
17956,0.041414358
17957,0.726576
17958,0.8959622
17959,0.2978233
17960,0.020601816
17961,0.73190576
17962,0.39686385
17963,0.08437081
17964,0.011536219
17965,0.37602898
17966,0.6512891
17967,0.8348117
17968,0.5327648
17969,0.8258245
17970,0.0030543872
17971,0.0014274706
17972,0.0018373559
17973,0.9053668
17974,0.00988941
17975,0.76662266
17976,0.0649196
17977,0.002651305
17978,0.48646277
17979,0.004805422
17980,0.045397807
17981,0.7711365
17982,0.5781346
17983,0.0067955707
17984,0.7341354
17985,0.49651378
17986,0.2275779
17987,0.055031918
17988,0.7758419
17989,0.6479271
17990,0.30357105
17991,0.112650275
17992,0.019182388
17993,0.010886108
17994,0.3907141
17995,0.2603996
17996,0.6358182
17997,0.26947182
17998,0.7367625
17999,0.6245094
18000,0.5970143
18001,0.0050693126
18002,0.41540447
18003,0.011669849
18004,0.023790386
18005,0.004769569
18006,0.46622
18007,0.028181486
18008,0.6801631
18009,0.5152656
18010,0.07369
18011,0.004491084
18012,0.0070189824
18013,0.09237321
18014,0.6709281
18015,0.011310009
18016,0.007353629
18017,0.48036113
18018,0.63194335
18019,0.00038504423
18020,0.002083754
18021,0.0030622808
18022,0.18960108
18023,0.0043064808
18024,0.014234118
18025,0.43302292
18026,0.02912001
18027,0.7673909
18028,0.0020061696
18029,0.0018054842
18030,0.037085235
18031,0.066807166
18032,0.57641166
18033,0.61709225
18034,0.031755697
18035,0.078023925
18036,0.92106324
18037,0.0031393217
18038,0.0057441653
18039,0.8845592
18040,0.7222461
18041,0.6203826
18042,0.005116103
18043,0.00878692
18044,0.8201824
18045,0.8332922
18046,0.50866467
18047,0.38631248
18048,0.011182735
18049,0.05114023
18050,0.5502787
18051,0.74233204
18052,0.6446704
18053,0.0075188675
18054,0.83059305
18055,0.85376537
18056,0.8354126
18057,0.001638869
18058,0.63668114
18059,0.0023034152
18060,0.02580343
18061,0.32783473
18062,0.8411275
18063,0.35138106
18064,0.113524005
18065,0.6891444
18066,0.58736396
18067,0.0011885153
18068,0.36048788
18069,0.9451065
18070,0.5290351
18071,0.39811966
18072,0.6189323
18073,0.76972526
18074,0.017146561
18075,0.072154894
18076,0.0072509605
18077,0.26312816
18078,0.44884664
18079,0.0039362116
18080,0.7415891
18081,0.5596794
18082,0.86342794
18083,0.026719688
18084,0.0034854887
18085,0.80701745
18086,0.16573963
18087,0.33029974
18088,0.006278437
18089,0.6914102
18090,0.7091534
18091,0.6682712
18092,0.64379513
18093,0.5961994
18094,0.007846629
18095,0.8930196
18096,0.28629857
18097,0.4205599
18098,0.017295405
18099,0.017095976
18100,0.5787219
18101,0.0338694
18102,0.8624984
18103,0.8263545
18104,0.68705
18105,0.0042814673
18106,0.025345813
18107,0.005434247
18108,0.66632897
18109,0.7486178
18110,0.30150515
18111,0.011614507
18112,0.45296127
18113,0.19267614
18114,0.0063599944
18115,0.05718044
18116,0.5503865
18117,0.14655153
18118,0.5528449
18119,0.056700375
18120,0.6626353
18121,0.0024496238
18122,0.31069383
18123,0.0015007762
18124,0.7031386
18125,0.48577848
18126,0.6097502
18127,0.0048646056
18128,0.12698655
18129,0.003886038
18130,0.27889338
18131,0.7002554
18132,0.05872359
18133,0.6645729
18134,0.7303513
18135,0.52660644
18136,0.010567304
18137,0.59175605
18138,0.4954992
18139,0.0024882944
18140,0.04589036
18141,0.07296149
18142,0.055051643
18143,0.7848129
18144,0.7502597
18145,0.015093741
18146,0.0033796984
18147,0.29994735
18148,0.002424738
18149,0.45367584
18150,0.18925638
18151,0.47791862
18152,0.012540089
18153,0.6277063
18154,0.0019289927
18155,0.69295394
18156,0.8953187
18157,0.0076559447
18158,0.33967146
18159,0.89913553
18160,0.88844293
18161,0.014607153
18162,0.27631578
18163,0.23941614
18164,0.004369692
18165,0.10920727
18166,0.7623591
18167,0.026596438
18168,0.6982215
18169,0.5781631
18170,0.7677218
18171,0.0832745
18172,0.8520076
18173,0.032229383
18174,0.60004216
18175,0.5475029
18176,0.8744745
18177,0.012541997
18178,0.0037928377
18179,0.58639455
18180,0.0043893466
18181,0.0026582954
18182,0.7082988
18183,0.4361811
18184,0.8716441
18185,0.010305359
18186,0.019582383
18187,0.21535315
18188,0.807458
18189,0.59914
18190,0.7022415
18191,0.5969394
18192,0.5941158
18193,0.0035303924
18194,0.4342383
18195,0.63152236
18196,0.6946185
18197,0.7517357
18198,0.50112325
18199,0.090777434
18200,0.67077523
18201,0.62983537
18202,0.0059718676
18203,0.894881
18204,0.60325545
18205,0.6641669
18206,0.003812666
18207,0.006339703
18208,0.50553775
18209,0.004638845
18210,0.58220845
18211,0.62630147
18212,0.6411208
18213,0.8121799
18214,0.5267245
18215,0.07729577
18216,0.17194118
18217,0.86732954
18218,0.0025692666
18219,0.6404093
18220,0.006394485
18221,0.6744513
18222,0.14860213
18223,0.6533496
18224,0.32267165
18225,0.00623181
18226,0.31338236
18227,0.47247046
18228,0.0068498966
18229,0.89528793
18230,0.013419207
18231,0.6625215
18232,0.027333096
18233,0.17712833
18234,0.78590524
18235,0.57111645
18236,0.0068466146
18237,0.00039755827
18238,0.17059176
18239,0.0081790425
18240,0.88216215
18241,0.6595235
18242,0.0027736
18243,0.0031551302
18244,0.48168266
18245,0.0375191
18246,0.69322646
18247,0.020601172
18248,0.958695
18249,0.8329415
18250,0.0041370415
18251,0.21996555
18252,0.578895
18253,0.77515614
18254,0.5716042
18255,0.60428214
18256,0.06907028
18257,0.8063569
18258,0.52576417
18259,0.0068897856
18260,0.004010855
18261,0.45891
18262,0.0014683077
18263,0.14744692
18264,0.76406723
18265,0.003043939
18266,0.3536348
18267,0.009526702
18268,0.009660697
18269,0.77134246
18270,0.07238674
18271,0.83469796
18272,0.71023685
18273,0.06944292
18274,0.011146608
18275,0.54873776
18276,0.004889669
18277,0.4179336
18278,0.39375475
18279,0.88649523
18280,0.8060774
18281,0.033371665
18282,0.44867617
18283,0.007727597
18284,0.0067990753
18285,0.029045567
18286,0.59907234
18287,0.5462288
18288,0.0042329053
18289,0.77355504
18290,0.5624206
18291,0.0150838345
18292,0.002322911
18293,0.43533784
18294,0.44841662
18295,0.047910366
18296,0.36429158
18297,0.9039339
18298,0.37922978
18299,0.011608478
18300,0.60296094
18301,0.009315875
18302,0.37066284
18303,0.51584446
18304,0.012952313
18305,0.00871052
18306,0.94411117
18307,0.29662296
18308,0.40300962
18309,0.0021159248
18310,0.66122705
18311,0.6090355
18312,0.18869251
18313,0.71609277
18314,0.0027009067
18315,0.08260159
18316,0.03581149
18317,0.8846445
18318,0.49031854
18319,0.67296654
18320,0.0067750267
18321,0.0652937
18322,0.011862959
18323,0.0016389852
18324,0.014814756
18325,0.006191826
18326,0.017005851
18327,0.26779124
18328,0.7568962
18329,0.005004019
18330,0.021606253
18331,0.17788947
18332,0.009260408
18333,0.7181815
18334,0.03502716
18335,0.0066782706
18336,0.52849394
18337,0.934815
18338,0.009187891
18339,0.11920237
18340,0.87245804
18341,0.5383113
18342,0.05663351
18343,0.6646143
18344,0.5399469
18345,0.43286756
18346,0.14338598
18347,0.7080743
18348,0.051498406
18349,0.009155674
18350,0.4706638
18351,0.7385058
18352,0.6163164
18353,0.27994385
18354,0.75693685
18355,0.678895
18356,0.28815988
18357,0.41449887
18358,0.93146485
18359,0.05018158
18360,0.28736365
18361,0.0045192833
18362,0.72274894
18363,0.17415725
18364,0.8793251
18365,0.6526372
18366,0.90481937
18367,0.03086416
18368,0.70797986
18369,0.72950566
18370,0.04160805
18371,0.51209193
18372,0.0041419654
18373,0.77641207
18374,0.48643523
18375,0.5206888
18376,0.026703684
18377,0.0017511757
18378,0.4619339
18379,0.865412
18380,0.7786814
18381,0.23096062
18382,0.03058582
18383,0.0019204863
18384,0.0028808773
18385,0.6948693
18386,0.43277237
18387,0.5059934
18388,0.21384771
18389,0.7088245
18390,0.8866115
18391,0.19889654
18392,0.83873785
18393,0.004725429
18394,0.39641306
18395,0.5806232
18396,0.0076313675
18397,0.9060323
18398,0.4101195
18399,0.58307755
18400,0.007676903
18401,0.020042147
18402,0.8889805
18403,0.27925247
18404,0.73960084
18405,0.8786063
18406,0.27353662
18407,0.80642277
18408,0.0062104855
18409,0.5981065
18410,0.020323167
18411,0.0033149228
18412,0.913176
18413,0.63135207
18414,0.30231744
18415,0.09002453
18416,0.77549833
18417,0.46892145
18418,0.8554442
18419,0.7143961
18420,0.025871973
18421,0.9336675
18422,0.48824233
18423,0.40669847
18424,0.77387094
18425,0.043791946
18426,0.48141295
18427,0.19368684
18428,0.95730746
18429,0.009133735
18430,0.5444078
18431,0.27025658
18432,0.02284317
18433,0.36195973
18434,0.87948024
18435,0.04854019
18436,0.5313743
18437,0.1079546
18438,0.013920566
18439,0.7846349
18440,0.7732973
18441,0.0041520763
18442,0.6898717
18443,0.561837
18444,0.23009312
18445,0.7742494
18446,0.49962705
18447,0.56581014
18448,0.8086038
18449,0.85085934
18450,0.01205363
18451,0.68253416
18452,0.6049764
18453,0.8099383
18454,0.756875
18455,0.8102204
18456,0.010244883
18457,0.0056166
18458,0.83454883
18459,0.75802886
18460,0.007689089
18461,0.736573
18462,0.02705934
18463,0.0029335702
18464,0.0075264485
18465,0.0018655264
18466,0.0024911936
18467,0.0010822112
18468,0.0016961454
18469,0.0019662874
18470,0.80195826
18471,0.7971298
18472,0.0036442338
18473,0.43452904
18474,0.6332817
18475,0.007867584
18476,0.45020983
18477,0.50760645
18478,0.7349689
18479,0.8704363
18480,0.63521796
18481,0.0031952972
18482,0.20791164
18483,0.024568142
18484,0.0012941738
18485,0.6088954
18486,0.56252384
18487,0.0057738535
18488,0.020404996
18489,0.057794094
18490,0.0020897372
18491,0.0151213575
18492,0.70617074
18493,0.02131354
18494,0.41492814
18495,0.88487726
18496,0.043354277
18497,0.42428795
18498,0.84303606
18499,0.7497389
18500,0.02978411
18501,0.7296339
18502,0.19919296
18503,0.00574945
18504,0.010275358
18505,0.0037511617
18506,0.69351685
18507,0.7186339
18508,0.68586797
18509,0.14399725
18510,0.2281483
18511,0.5335576
18512,0.0014247817
18513,0.6514144
18514,0.027218139
18515,0.7550081
18516,0.25102526
18517,0.0051462497
18518,0.44491595
18519,0.6140789
18520,0.0019551897
18521,0.6417881
18522,0.8652077
18523,0.028557632
18524,0.0019381955
18525,0.42082685
18526,0.009193961
18527,0.82520336
18528,0.67225873
18529,0.57123554
18530,0.82804435
18531,0.63453996
18532,0.0801019
18533,0.92151767
18534,0.4943423
18535,0.059159786
18536,0.0052314573
18537,0.39265105
18538,0.90708685
18539,0.0020647987
18540,0.5845331
18541,0.16974303
18542,0.0018295182
18543,0.59571326
18544,0.7139456
18545,0.026475271
18546,0.49833724
18547,0.4349033
18548,0.2368749
18549,0.4972473
18550,0.0728453
18551,0.9112141
18552,0.35725707
18553,0.0020571328
18554,0.07092872
18555,0.2908868
18556,0.014059076
18557,0.66583264
18558,0.7774208
18559,0.21424383
18560,0.7275074
18561,0.03230976
18562,0.013346773
18563,0.6106597
18564,0.64528114
18565,0.9528664
18566,0.21747999
18567,0.5797876
18568,0.051688142
18569,0.007995274
18570,0.71676296
18571,0.26487646
18572,0.0036799961
18573,0.65622914
18574,0.57130647
18575,0.065931
18576,0.46212012
18577,0.7787298
18578,0.020526871
18579,0.0060999757
18580,0.42958596
18581,0.005383278
18582,0.79131836
18583,0.8722574
18584,0.72837186
18585,0.0016411481
18586,0.117793225
18587,0.22103086
18588,0.73355263
18589,0.15508075
18590,0.7673533
18591,0.50456524
18592,0.40179092
18593,0.7074675
18594,0.45467097
18595,0.007954697
18596,0.9071128
18597,0.0038911335
18598,0.5270645
18599,0.43803468
18600,0.015378038
18601,0.3341379
18602,0.96140033
18603,0.016280314
18604,0.9496677
18605,0.0016508489
18606,0.0004577649
18607,0.0022663209
18608,0.35470703
18609,0.006861888
18610,0.6775946
18611,0.37214532
18612,0.16271113
18613,0.70777
18614,0.6162426
18615,0.8587424
18616,0.0099048875
18617,0.01033656
18618,0.86602145
18619,0.48986816
18620,0.32719088
18621,0.012401885
18622,0.062273405
18623,0.66282535
18624,0.0032400745
18625,0.0097022625
18626,0.4873853
18627,0.5467888
18628,0.0023126847
18629,0.5695047
18630,0.11561702
18631,0.46100345
18632,0.0029408936
18633,0.039043065
18634,0.005442368
18635,0.6060591
18636,0.5452847
18637,0.7208632
18638,0.019914823
18639,0.00809482
18640,0.6337695
18641,0.026330048
18642,0.04606401
18643,0.7905148
18644,0.06270059
18645,0.0033794926
18646,0.19713603
18647,0.04664178
18648,0.56137884
18649,0.0072143464
18650,0.7455256
18651,0.013990232
18652,0.28616032
18653,0.119679056
18654,0.008317558
18655,0.0053442726
18656,0.23150875
18657,0.15715605
18658,0.004856081
18659,0.010826279
18660,0.43059158
18661,0.0015998108
18662,0.93557477
18663,0.38590744
18664,0.42918676
18665,0.012850075
18666,0.08540269
18667,0.35489133
18668,0.25878823
18669,0.006968898
18670,0.039262116
18671,0.22645737
18672,0.20451942
18673,0.8439556
18674,0.7509697
18675,0.005079151
18676,0.004309563
18677,0.003484472
18678,0.01302667
18679,0.53024155
18680,0.19708432
18681,0.69751567
18682,0.40254018
18683,0.0032143781
18684,0.5263481
18685,0.004984343
18686,0.84341997
18687,0.5630213
18688,0.41318977
18689,0.0053167827
18690,0.007452986
18691,0.80866265
18692,0.0021116987
18693,0.657487
18694,0.027205115
18695,0.49650124
18696,0.002379492
18697,0.6125351
18698,0.9222476
18699,0.042375993
18700,0.5048822
18701,0.96994966
18702,0.0022927357
18703,0.7920638
18704,0.6580584
18705,0.0032022975
18706,0.17520092
18707,0.6363413
18708,0.6459859
18709,0.5425689
18710,0.018653326
18711,0.7581681
18712,0.65382856
18713,0.035595566
18714,0.6478043
18715,0.005609815
18716,0.7818506
18717,0.320063
18718,0.67376286
18719,0.7194779
18720,0.013296614
18721,0.004287008
18722,0.14823677
18723,0.030685196
18724,0.87165844
18725,0.07932894
18726,0.37828964
18727,0.009936847
18728,0.25001088
18729,0.31548753
18730,0.010632852
18731,0.77269244
18732,0.30834383
18733,0.001162612
18734,0.015721774
18735,0.42315713
18736,0.36371756
18737,0.05751683
18738,0.79516935
18739,0.0087173665
18740,0.43189996
18741,0.3402681
18742,0.94978565
18743,0.58052933
18744,0.15971069
18745,0.60155565
18746,0.2864571
18747,0.030949797
18748,0.018627724
18749,0.003313475
18750,0.88541615
18751,0.21123141
18752,0.18352906
18753,0.24687406
18754,0.018230593
18755,0.8288608
18756,0.013334594
18757,0.028936822
18758,0.77740824
18759,0.19582939
18760,0.0015820694
18761,0.5110535
18762,0.51118237
18763,0.024278132
18764,0.85659385
18765,0.72183144
18766,0.10633252
18767,0.001832754
18768,0.70067394
18769,0.73745304
18770,0.3667201
18771,0.15792452
18772,0.26999885
18773,0.03007016
18774,0.8258852
18775,0.52915615
18776,0.65900004
18777,0.00049301196
18778,0.5934443
18779,0.665127
18780,0.64676666
18781,0.7012722
18782,0.0024920644
18783,0.7252307
18784,0.880388
18785,0.61077553
18786,0.7570121
18787,0.6883184
18788,0.74879086
18789,0.0068000373
18790,0.014904331
18791,0.542159
18792,0.71442676
18793,0.42066932
18794,0.6714857
18795,0.2861867
18796,0.20947908
18797,0.0047771027
18798,0.6345739
18799,0.94950557
18800,0.4714135
18801,0.0016359502
18802,0.0073065674
18803,0.0068869824
18804,0.4996536
18805,0.6346715
18806,0.6816332
18807,0.83775055
18808,0.6592251
18809,0.27299914
18810,0.3835166
18811,0.0030416516
18812,0.010907929
18813,0.026146231
18814,0.5863053
18815,0.8216272
18816,0.0066146855
18817,0.5473079
18818,0.836384
18819,0.80623406
18820,0.60266083
18821,0.05926677
18822,0.017359797
18823,0.0070540584
18824,0.8807885
18825,0.006716252
18826,0.0015202933
18827,0.7442676
18828,0.684082
18829,0.78411055
18830,0.8276382
18831,0.0031087422
18832,0.56624156
18833,0.033197936
18834,0.27416295
18835,0.8918782
18836,0.95082414
18837,0.7499327
18838,0.021503475
18839,0.080346845
18840,0.017115984
18841,0.0034164963
18842,0.0041386397
18843,0.5503742
18844,0.063710354
18845,0.005416554
18846,0.02807726
18847,0.30847833
18848,0.07705612
18849,0.50967026
18850,0.09036706
18851,0.39067686
18852,0.638255
18853,0.34431937
18854,0.009413168
18855,0.5338554
18856,0.010716572
18857,0.69022167
18858,0.65320134
18859,0.7023355
18860,0.85543936
18861,0.0020225036
18862,0.0051450133
18863,0.004727422
18864,0.3482132
18865,0.42990673
18866,0.029458165
18867,0.5739941
18868,0.6377818
18869,0.26749644
18870,0.81430703
18871,0.7414858
18872,0.3990329
18873,0.0051146313
18874,0.0766896
18875,0.013961765
18876,0.0033972254
18877,0.58229184
18878,0.68500537
18879,0.62329924
18880,0.65913785
18881,0.026311554
18882,0.74926513
18883,0.75397563
18884,0.61077857
18885,0.6189792
18886,0.60151935
18887,0.6414423
18888,0.043768257
18889,0.7698576
18890,0.049403228
18891,0.6083423
18892,0.7340937
18893,0.00670374
18894,0.0035891107
18895,0.2111256
18896,0.46501535
18897,0.67689186
18898,0.029135238
18899,0.48343846
18900,0.030415926
18901,0.06425668
18902,0.77552736
18903,0.3175536
18904,0.20196322
18905,0.02000656
18906,0.013997836
18907,0.13763839
18908,0.25956082
18909,0.10527925
18910,0.5402139
18911,0.008047419
18912,0.01091529
18913,0.007874646
18914,0.4720879
18915,0.9168229
18916,0.8287489
18917,0.5970265
18918,0.20489332
18919,0.72929233
18920,0.7930635
18921,0.0025330768
18922,0.00615104
18923,0.009526634
18924,0.32988802
18925,0.23838589
18926,0.7011307
18927,0.050659023
18928,0.26112196
18929,0.29231027
18930,0.6303424
18931,0.004121782
18932,0.6063446
18933,0.8892539
18934,0.0060381326
18935,0.01855168
18936,0.006859639
18937,0.59588915
18938,0.5823419
18939,0.5833372
18940,0.067864224
18941,0.008288576
18942,0.135161
18943,0.360614
18944,0.0035627086
18945,0.008383946
18946,0.0076797376
18947,0.84774125
18948,0.008198433
18949,0.21892282
18950,0.36915597
18951,0.3994473
18952,0.049506214
18953,0.540526
18954,0.67573905
18955,0.27551275
18956,0.7799929
18957,0.65847987
18958,0.8995204
18959,0.0021564616
18960,0.14104442
18961,0.013142684
18962,0.75464696
18963,0.0022162518
18964,0.9018873
18965,0.018825203
18966,0.0059041176
18967,0.8213594
18968,0.8021565
18969,0.0043316274
18970,0.7754375
18971,0.23914263
18972,0.4047106
18973,0.009719396
18974,0.0041523613
18975,0.84089965
18976,0.0031637915
18977,0.0036732692
18978,0.0035299775
18979,0.58538955
18980,0.7406331
18981,0.005758275
18982,0.0027000743
18983,0.0063835485
18984,0.12214479
18985,0.0026805964
18986,0.5403667
18987,0.008074336
18988,0.5875534
18989,0.8931837
18990,0.29444993
18991,0.79250705
18992,0.8938644
18993,0.002236559
18994,0.038938873
18995,0.0050762994
18996,0.082054935
18997,0.7775218
18998,0.0048656664
18999,0.80916446
19000,0.69558
19001,0.8061775
19002,0.01280727
19003,0.0076654516
19004,0.0026179536
19005,0.009556846
19006,0.0017574892
19007,0.017426988
19008,0.025680842
19009,0.0032797984
19010,0.8585752
19011,0.7803169
19012,0.75038606
19013,0.37918696
19014,0.006520196
19015,0.58899796
19016,0.013526778
19017,0.0017771298
19018,0.062018406
19019,0.9241041
19020,0.001422739
19021,0.92645365
19022,0.94911695
19023,0.54670376
19024,0.71751964
19025,0.7501003
19026,0.031192789
19027,0.007196891
19028,0.026785027
19029,0.047662117
19030,0.22506829
19031,0.020822337
19032,0.7144087
19033,0.010020037
19034,0.00899223
19035,0.22506118
19036,0.60396403
19037,0.003506897
19038,0.7192796
19039,0.16391097
19040,0.2831575
19041,0.5539236
19042,0.013609506
19043,0.8407239
19044,0.22161454
19045,0.18967693
19046,0.004998509
19047,0.7446091
19048,0.0237223
19049,0.0041333856
19050,0.85980713
19051,0.20979673
19052,0.8319453
19053,0.7212831
19054,0.30064878
19055,0.7602093
19056,0.014226423
19057,0.0046247104
19058,0.2056699
19059,0.18947853
19060,0.38500798
19061,0.041961677
19062,0.1572137
19063,0.8130489
19064,0.36254817
19065,0.27630618
19066,0.0041663414
19067,0.9022043
19068,0.8818678
19069,0.0022430543
19070,0.33646795
19071,0.1734186
19072,0.006799723
19073,0.94804794
19074,0.007607496
19075,0.0436272
19076,0.03776393
19077,0.5140631
19078,0.509042
19079,0.832038
19080,0.85507214
19081,0.0013060783
19082,0.237259
19083,0.017155368
19084,0.0012514805
19085,0.31327662
19086,0.059927743
19087,0.42094412
19088,0.003969434
19089,0.0065586525
19090,0.0030776768
19091,0.8627041
19092,0.6972088
19093,0.029966949
19094,0.4319475
19095,0.6434774
19096,0.1853076
19097,0.38805857
19098,0.8917127
19099,0.003633914
19100,0.0046903836
19101,0.8338509
19102,0.766054
19103,0.8117557
19104,0.69310266
19105,0.8199779
19106,0.63197446
19107,0.036285024
19108,0.04272542
19109,0.019313687
19110,0.056842666
19111,0.08357041
19112,0.21707766
19113,0.20880675
19114,0.6538794
19115,0.0009870621
19116,0.017935451
19117,0.14464162
19118,0.055681083
19119,0.0020349289
19120,0.0048172735
19121,0.0068334015
19122,0.7941981
19123,0.52577066
19124,0.004974699
19125,0.7190519
19126,0.0040004957
19127,0.8820509
19128,0.90808785
19129,0.6293428
19130,0.008148972
19131,0.6985411
19132,0.47390258
19133,0.0018568296
19134,0.03771472
19135,0.026011428
19136,0.29324567
19137,0.900499
19138,0.7456389
19139,0.7729705
19140,0.9077566
19141,0.09887869
19142,0.04111139
19143,0.38394633
19144,0.365058
19145,0.24601288
19146,0.34746093
19147,0.04738794
19148,0.010311164
19149,0.6588542
19150,0.6455508
19151,0.77359986
19152,0.015542371
19153,0.40112832
19154,0.0028062102
19155,0.60822755
19156,0.004275565
19157,0.0015491103
19158,0.72610843
19159,0.6130913
19160,0.6910565
19161,0.50199324
19162,0.60731965
19163,0.0055182204
19164,0.684491
19165,0.19072159
19166,0.9012678
19167,0.763952
19168,0.67414564
19169,0.47042432
19170,0.45223427
19171,0.86382526
19172,0.54437804
19173,0.21921764
19174,0.25996473
19175,0.0053598457
19176,0.55118036
19177,0.13578053
19178,0.6933591
19179,0.011523713
19180,0.013251182
19181,0.5175631
19182,0.90273607
19183,0.65015125
19184,0.8123532
19185,0.07159455
19186,0.021406367
19187,0.8769951
19188,0.5942305
19189,0.014062641
19190,0.6362505
19191,0.002070872
19192,0.6045339
19193,0.0034178111
19194,0.06197497
19195,0.57065994
19196,0.67384773
19197,0.6084954
19198,0.49153066
19199,0.612465
19200,0.013290117
19201,0.7842626
19202,0.003848633
19203,0.82654524
19204,0.0356218
19205,0.46352756
19206,0.0008368761
19207,0.7867555
19208,0.7977269
19209,0.24653882
19210,0.6679146
19211,0.7232729
19212,0.9741156
19213,0.0023810384
19214,0.0044320277
19215,0.51797134
19216,0.51777154
19217,0.004410442
19218,0.7377739
19219,0.90260494
19220,0.4954668
19221,0.0049649207
19222,0.002045297
19223,0.28985947
19224,0.54837793
19225,0.42535514
19226,0.010877773
19227,0.004481534
19228,0.9117519
19229,0.43523455
19230,0.0026326152
19231,0.1213796
19232,0.40073267
19233,0.7689038
19234,0.053326376
19235,0.6125331
19236,0.002376769
19237,0.8043157
19238,0.16492811
19239,0.002466455
19240,0.33014578
19241,0.49142605
19242,0.6371439
19243,0.5724834
19244,0.92933524
19245,0.1537124
19246,0.0033273948
19247,0.6612097
19248,0.8428105
19249,0.008392398
19250,0.036226366
19251,0.88708174
19252,0.26999426
19253,0.70225745
19254,0.9147891
19255,0.27846283
19256,0.5210477
19257,0.05642956
19258,0.195851
19259,0.73646516
19260,0.6599419
19261,0.6743986
19262,0.8421393
19263,0.5404048
19264,0.8542124
19265,0.68927824
19266,0.112694666
19267,0.68339324
19268,0.8350746
19269,0.5802053
19270,0.24810947
19271,0.001786193
19272,0.7913562
19273,0.0014088814
19274,0.09347968
19275,0.42658225
19276,0.52773356
19277,0.7922632
19278,0.4650115
19279,0.85124326
19280,0.19726977
19281,0.030847402
19282,0.91048497
19283,0.25735235
19284,0.7836205
19285,0.3042126
19286,0.38400862
19287,0.6557814
19288,0.03777537
19289,0.78027767
19290,0.49236497
19291,0.36346158
19292,0.011124731
19293,0.03353406
19294,0.004241657
19295,0.31382933
19296,0.0033718802
19297,0.024424229
19298,0.0054728133
19299,0.7180204
19300,0.61090845
19301,0.005349058
19302,0.005294038
19303,0.8512867
19304,0.47221437
19305,0.1907655
19306,0.013798232
19307,0.004423668
19308,0.45093152
19309,0.029638892
19310,0.26290822
19311,0.47403112
19312,0.517003
19313,0.89086646
19314,0.041201986
19315,0.0024420677
19316,0.38417292
19317,0.5523173
19318,0.7377466
19319,0.8286497
19320,0.89281446
19321,0.7464781
19322,0.1345043
19323,0.0007091601
19324,0.5588858
19325,0.027589351
19326,0.6613173
19327,0.5188373
19328,0.6698082
19329,0.115474336
19330,0.25534883
19331,0.65274906
19332,0.5972045
19333,0.70692813
19334,0.06721152
19335,0.5706348
19336,0.75269645
19337,0.0060291803
19338,0.007946289
19339,0.7249676
19340,0.15831983
19341,0.033898354
19342,0.9167851
19343,0.48895097
19344,0.0039774342
19345,0.06971303
19346,0.39101177
19347,0.34500375
19348,0.109427795
19349,0.7293761
19350,0.6893197
19351,0.0012218732
19352,0.71784115
19353,0.34418282
19354,0.5520358
19355,0.27492067
19356,0.091967575
19357,0.18070734
19358,0.0045448863
19359,0.009745253
19360,0.015962495
19361,0.4832068
19362,0.0055980026
19363,0.29846665
19364,0.062051427
19365,0.8544788
19366,0.13921231
19367,0.001626323
19368,0.19012274
19369,0.015760858
19370,0.016716154
19371,0.036898386
19372,0.047308035
19373,0.48595327
19374,0.80902207
19375,0.2638589
19376,0.62250054
19377,0.8609809
19378,0.01376337
19379,0.5348667
19380,0.01645815
19381,0.24025294
19382,0.74112207
19383,0.24519464
19384,0.3008859
19385,0.5142883
19386,0.11889033
19387,0.89080924
19388,0.00071622914
19389,0.047999743
19390,0.026157133
19391,0.3703654
19392,0.79069847
19393,0.1914081
19394,0.12246899
19395,0.6558749
19396,0.0027837732
19397,0.014487615
19398,0.043382328
19399,0.10289277
19400,0.0029302575
19401,0.116029285
19402,0.008304056
19403,0.5629472
19404,0.39092004
19405,0.87709254
19406,0.8212542
19407,0.015334033
19408,0.0023622813
19409,0.3603631
19410,0.82741195
19411,0.61365396
19412,0.34662652
19413,0.37741512
19414,0.42326942
19415,0.74700713
19416,0.7886215
19417,0.005798611
19418,0.024526624
19419,0.5826103
19420,0.013563954
19421,0.41828278
19422,0.015131141
19423,0.0069457
19424,0.91385585
19425,0.6452521
19426,0.07905692
19427,0.0005173416
19428,0.3506826
19429,0.647975
19430,0.6095742
19431,0.002181936
19432,0.52128446
19433,0.889897
19434,0.7583506
19435,0.0027911384
19436,0.17186838
19437,0.1068313
19438,0.77568287
19439,0.009018774
19440,0.18423502
19441,0.7921751
19442,0.0037698154
19443,0.84681094
19444,0.7995796
19445,0.0031245898
19446,0.11992284
19447,0.119431525
19448,0.45773613
19449,0.5140961
19450,0.002155097
19451,0.23207135
19452,0.8660087
19453,0.0013004661
19454,0.6932019
19455,0.4928482
19456,0.0031878538
19457,0.8062082
19458,0.885941
19459,0.1620565
19460,0.7463688
19461,0.0027849863
19462,0.2237404
19463,0.8044335
19464,0.8970439
19465,0.61384475
19466,0.007481002
19467,0.0023445569
19468,0.59932405
19469,0.33068722
19470,0.81297773
19471,0.032755196
19472,0.017700914
19473,0.0102250725
19474,0.020885058
19475,0.007310846
19476,0.022805419
19477,0.0065617827
19478,0.8691358
19479,0.27621993
19480,0.0070524886
19481,0.571942
19482,0.07832268
19483,0.6825789
19484,0.010824267
19485,0.49034655
19486,0.78354126
19487,0.006906045
19488,0.78240323
19489,0.18066952
19490,0.40984577
19491,0.008503072
19492,0.8344361
19493,0.006879216
19494,0.0054867
19495,0.6694707
19496,0.81129533
19497,0.77787757
19498,0.0056653367
19499,0.0044065733
19500,0.6820479
19501,0.0013185858
19502,0.0042010196
19503,0.021827541
19504,0.026918698
19505,0.24809739
19506,0.17748003
19507,0.4233473
19508,0.6466476
19509,0.13309725
19510,0.0031604334
19511,0.12534942
19512,0.3391783
19513,0.8455364
19514,0.547232
19515,0.6236845
19516,0.7914701
19517,0.0069083585
19518,0.6179743
19519,0.013162122
19520,0.29786965
19521,0.17359537
19522,0.28883842
19523,0.78719246
19524,0.6599973
19525,0.3141062
19526,0.8113393
19527,0.8529923
19528,0.28952697
19529,0.67713505
19530,0.002622824
19531,0.03242417
19532,0.22751027
19533,0.0028375746
19534,0.12056086
19535,0.016883653
19536,0.7240874
19537,0.025963873
19538,0.00998946
19539,0.8563104
19540,0.5758376
19541,0.32767722
19542,0.4665261
19543,0.47338971
19544,0.00908222
19545,0.66224474
19546,0.014822562
19547,0.023505777
19548,0.66967595
19549,0.8897929
19550,0.6960829
19551,0.28456947
19552,0.016182886
19553,0.0060621174
19554,0.6458746
19555,0.72987586
19556,0.003686908
19557,0.87359667
19558,0.114772305
19559,0.28682688
19560,0.016927019
19561,0.5509323
19562,0.97759783
19563,0.020796658
19564,0.4545764
19565,0.7844579
19566,0.8187619
19567,0.8556147
19568,0.8538573
19569,0.30923703
19570,0.7066576
19571,0.70293486
19572,0.0634595
19573,0.7892827
19574,0.0017063009
19575,0.5950423
19576,0.5640547
19577,0.56958723
19578,0.5956011
19579,0.00457029
19580,0.0077427793
19581,0.7105018
19582,0.87790054
19583,0.7856325
19584,0.021058854
19585,0.6700929
19586,0.0051004165
19587,0.7656652
19588,0.026396794
19589,0.7568516
19590,0.008834269
19591,0.7937716
19592,0.001633798
19593,0.624889
19594,0.8947235
19595,0.033854224
19596,0.38319668
19597,0.1680195
19598,0.43271706
19599,0.15401515
19600,0.85591656
19601,0.0015902485
19602,0.7539852
19603,0.8831924
19604,0.18741673
19605,0.7680572
19606,0.4039035
19607,0.0051593906
19608,0.4605631
19609,0.019580232
19610,0.008681093
19611,0.62669134
19612,0.017710641
19613,0.0048517133
19614,0.4670613
19615,0.7638677
19616,0.008757023
19617,0.8053324
19618,0.005577451
19619,0.4890669
19620,0.35840592
19621,0.005297383
19622,0.46106362
19623,0.69602805
19624,0.7143641
19625,0.7605144
19626,0.0060850154
19627,0.39045802
19628,0.5505119
19629,0.0034908818
19630,0.16314088
19631,0.8172171
19632,0.81382245
19633,0.0022890102
19634,0.9110936
19635,0.0036010162
19636,0.86818993
19637,0.28895682
19638,0.13831921
19639,0.011909482
19640,0.534946
19641,0.5823038
19642,0.7183437
19643,0.22578491
19644,0.8055566
19645,0.004286252
19646,0.7815066
19647,0.93754536
19648,0.86385584
19649,0.55393803
19650,0.8760922
19651,0.41559824
19652,0.6642576
19653,0.9299849
19654,0.001853341
19655,0.08565836
19656,0.81914115
19657,0.7710932
19658,0.020661347
19659,0.322434
19660,0.5034071
19661,0.89062345
19662,0.80744714
19663,0.5973337
19664,0.07700948
19665,0.37165195
19666,0.17849268
19667,0.3428645
19668,0.006163727
19669,0.9460492
19670,0.76473284
19671,0.6591125
19672,0.44041485
19673,0.7374934
19674,0.2514356
19675,0.08975511
19676,0.023333702
19677,0.0031720873
19678,0.61814594
19679,0.038783737
19680,0.24774927
19681,0.6605931
19682,0.012447666
19683,0.30656335
19684,0.81232923
19685,0.74175537
19686,0.44581014
19687,0.013875074
19688,0.30856907
19689,0.05004888
19690,0.25373572
19691,0.88376164
19692,0.32204366
19693,0.2285105
19694,0.013134048
19695,0.60408854
19696,0.3644712
19697,0.5451668
19698,0.5002319
19699,0.93402135
19700,0.4525999
19701,0.94052386
19702,0.8785915
19703,0.48670393
19704,0.0031258466
19705,0.6752157
19706,0.5880317
19707,0.0025414838
19708,0.48848557
19709,0.93867046
19710,0.74116236
19711,0.3007511
19712,0.7607113
19713,0.0031370227
19714,0.6954373
19715,0.28651324
19716,0.6210288
19717,0.6085792
19718,0.001588442
19719,0.024373319
19720,0.37660077
19721,0.09870285
19722,0.83576614
19723,0.8862803
19724,0.014163835
19725,0.030630324
19726,0.77405787
19727,0.010793211
19728,0.63834876
19729,0.0025792578
19730,0.012189927
19731,0.0062621795
19732,0.008979138
19733,0.6847078
19734,0.76331407
19735,0.17081235
19736,0.13173097
19737,0.65512186
19738,0.0054093543
19739,0.0026825718
19740,0.90904194
19741,0.0038461825
19742,0.033634506
19743,0.7817751
19744,0.7497022
19745,0.44805297
19746,0.0034368236
19747,0.28681615
19748,0.014128316
19749,0.7565464
19750,0.76462674
19751,0.008434681
19752,0.026878064
19753,0.014330854
19754,0.46629146
19755,0.0049385345
19756,0.0076857046
19757,0.5385895
19758,0.0026322661
19759,0.029149687
19760,0.61912423
19761,0.0034731599
19762,0.004948995
19763,0.5747525
19764,0.16936265
19765,0.0039968556
19766,0.69317997
19767,0.32568166
19768,0.7017259
19769,0.029926507
19770,0.10401317
19771,0.48835298
19772,0.67840147
19773,0.0017824565
19774,0.66853446
19775,0.0024288108
19776,0.08293612
19777,0.49988717
19778,0.38426507
19779,0.608931
19780,0.17079781
19781,0.05144694
19782,0.0017822805
19783,0.9584699
19784,0.0020357417
19785,0.6282616
19786,0.4381026
19787,0.6984678
19788,0.790455
19789,0.9076391
19790,0.0011507873
19791,0.72934
19792,0.05396879
19793,0.79848886
19794,0.9578538
19795,0.41787738
19796,0.7996124
19797,0.8474823
19798,0.9686432
19799,0.006358852
19800,0.70662093
19801,0.7744057
19802,0.007401301
19803,0.0029526015
19804,0.06339325
19805,0.8122648
19806,0.0075880457
19807,0.53455573
19808,0.0031220827
19809,0.0047653117
19810,0.36448172
19811,0.015965026
19812,0.36930043
19813,0.6368801
19814,0.0021790105
19815,0.40559775
19816,0.04641803
19817,0.68703514
19818,0.5787382
19819,0.78852415
19820,0.22769068
19821,0.0030042012
19822,0.12693036
19823,0.0033540877
19824,0.0096796015
19825,0.024810357
19826,0.83603996
19827,0.0023132283
19828,0.60079044
19829,0.029432613
19830,0.0029907124
19831,0.23697451
19832,0.025455255
19833,0.0004874578
19834,0.8038955
19835,0.0076583913
19836,0.53123534
19837,0.798174
19838,0.0024690807
19839,0.681351
19840,0.77904683
19841,0.0030688378
19842,0.6466939
19843,0.09233542
19844,0.66637594
19845,0.62846845
19846,0.5228578
19847,0.049991723
19848,0.711302
19849,0.2014043
19850,0.0049699945
19851,0.754628
19852,0.8811711
19853,0.86169267
19854,0.47153422
19855,0.0057158004
19856,0.13504273
19857,0.36227083
19858,0.40997094
19859,0.5428891
19860,0.3473786
19861,0.910013
19862,0.83798057
19863,0.38252187
19864,0.0024016215
19865,0.0022110883
19866,0.34238833
19867,0.60449827
19868,0.82944065
19869,0.7496471
19870,0.016760176
19871,0.64547545
19872,0.6101209
19873,0.65514886
19874,0.84194946
19875,0.04196223
19876,0.36285564
19877,0.010480141
19878,0.0043916963
19879,0.68208796
19880,0.016148528
19881,0.3024793
19882,0.11130666
19883,0.5597725
19884,0.6789926
19885,0.038202554
19886,0.41495833
19887,0.05488464
19888,0.45370936
19889,0.86234826
19890,0.9056088
19891,0.3606898
19892,0.56588817
19893,0.09804812
19894,0.6996771
19895,0.0130691305
19896,0.045254536
19897,0.0097155245
19898,0.44075346
19899,0.66372967
19900,0.70361567
19901,0.79432505
19902,0.6756786
19903,0.03146514
19904,0.002116539
19905,0.006790121
19906,0.0063756667
19907,0.0025957616
19908,0.0057735597
19909,0.36139467
19910,0.004773723
19911,0.70052224
19912,0.725037
19913,0.0074287145
19914,0.49989346
19915,0.22693072
19916,0.0019160056
19917,0.008381614
19918,0.5183006
19919,0.8317279
19920,0.2699247
19921,0.02387995
19922,0.0023405899
19923,0.021859461
19924,0.010203864
19925,0.02858908
19926,0.7797533
19927,0.66309327
19928,0.0026396841
19929,0.11112453
19930,0.6436931
19931,0.9396049
19932,0.0071210274
19933,0.7093696
19934,0.015333366
19935,0.80127263
19936,0.014575237
19937,0.01805015
19938,0.002085952
19939,0.004821866
19940,0.30464593
19941,0.42689857
19942,0.8789783
19943,0.03476742
19944,0.5288817
19945,0.87247825
19946,0.38056934
19947,0.05801699
19948,0.0047503207
19949,0.011003121
19950,0.015907723
19951,0.7034844
19952,0.0030923618
19953,0.63514084
19954,0.18689905
19955,0.65007764
19956,0.059480645
19957,0.008458546
19958,0.0048320955
19959,0.0036791926
19960,0.006027233
19961,0.050497875
19962,0.59382355
19963,0.32035485
19964,0.33529213
19965,0.58993614
19966,0.0071761413
19967,0.011111314
19968,0.055255722
19969,0.0022144108
19970,0.69912857
19971,0.74319524
19972,0.83181494
19973,0.79677933
19974,0.6225971
19975,0.6294854
19976,0.0029740394
19977,0.6651657
19978,0.7732157
19979,0.8457135
19980,0.025684102
19981,0.062356178
19982,0.433622
19983,0.58879966
19984,0.003693382
19985,0.018015737
19986,0.38605073
19987,0.062379435
19988,0.002513056
19989,0.28650638
19990,0.0584862
19991,0.9212726
19992,0.37319514
19993,0.003566019
19994,0.8967496
19995,0.28128663
19996,0.59300846
19997,0.034694973
19998,0.31514817
19999,0.010941794
20000,0.0020499357
20001,0.53915304
20002,0.06217831
20003,0.16988383
20004,0.0051045907
20005,0.316777
20006,0.015695624
20007,0.8465151
20008,0.34788117
20009,0.0064897477
20010,0.71681005
20011,0.86673766
20012,0.76221716
20013,0.7503492
20014,0.5825888
20015,0.003645227
20016,0.09655655
20017,0.038443267
20018,0.018749367
20019,0.46832082
20020,0.8645682
20021,0.49668482
20022,0.06136412
20023,0.41891596
20024,0.007467963
20025,0.43885824
20026,0.6800438
20027,0.09731302
20028,0.7259943
20029,0.0014077004
20030,0.19683306
20031,0.16379912
20032,0.64793813
20033,0.0069761267
20034,0.011996262
20035,0.7081321
20036,0.6395464
20037,0.07262964
20038,0.009110303
20039,0.8964356
20040,0.25761494
20041,0.003195145
20042,0.07630704
20043,0.88659644
20044,0.007217224
20045,0.01641067
20046,0.8229194
20047,0.48925713
20048,0.85971457
20049,0.0048014587
20050,0.28254464
20051,0.09783077
20052,0.29786682
20053,0.044946257
20054,0.29019263
20055,0.7990422
20056,0.83804864
20057,0.6072859
20058,0.615234
20059,0.4106194
20060,0.004420582
20061,0.25806975
20062,0.0022031832
20063,0.17436282
20064,0.44149318
20065,0.9048763
20066,0.22540057
20067,0.005778718
20068,0.6855913
20069,0.773553
20070,0.34395385
20071,0.010530619
20072,0.0052265865
20073,0.40465894
20074,0.39993203
20075,0.75193524
20076,0.6797317
20077,0.46780083
20078,0.42854172
20079,0.0075199236
20080,0.011891672
20081,0.14288858
20082,0.75042367
20083,0.5340835
20084,0.0039801453
20085,0.54314345
20086,0.18380441
20087,0.36889166
20088,0.022453908
20089,0.029025672
20090,0.9194554
20091,0.7789336
20092,0.08242133
20093,0.0013018098
20094,0.8131864
20095,0.28967017
20096,0.017648274
20097,0.017782273
20098,0.0048949807
20099,0.83302736
20100,0.23955871
20101,0.47610947
20102,0.012584367
20103,0.45565227
20104,0.7205547
20105,0.89962757
20106,0.0011378472
20107,0.3147805
20108,0.84782964
20109,0.8005817
20110,0.823891
20111,0.009591046
20112,0.8011194
20113,0.1442172
20114,0.010129752
20115,0.4007215
20116,0.72960705
20117,0.8859915
20118,0.00604251
20119,0.4308078
20120,0.0012089207
20121,0.87069464
20122,0.0020868098
20123,0.8467306
20124,0.079202645
20125,0.0064275567
20126,0.7089408
20127,0.02233522
20128,0.85688543
20129,0.9369649
20130,0.3031839
20131,0.022550173
20132,0.5948997
20133,0.0065599186
20134,0.5091929
20135,0.029092934
20136,0.2899512
20137,0.3090722
20138,0.12944661
20139,0.40506217
20140,0.093642384
20141,0.07219062
20142,0.011075304
20143,0.74917066
20144,0.72413224
20145,0.43091354
20146,0.7596604
20147,0.6438369
20148,0.016124118
20149,0.6388358
20150,0.51165754
20151,0.79688877
20152,0.6426335
20153,0.22421409
20154,0.75868225
20155,0.48493123
20156,0.58825517
20157,0.6835719
20158,0.914899
20159,0.13350192
20160,0.2809566
20161,0.6130952
20162,0.0015012834
20163,0.92849517
20164,0.9167847
20165,0.61298877
20166,0.0028590753
20167,0.67377126
20168,0.85162383
20169,0.00495931
20170,0.5716539
20171,0.031309363
20172,0.6663028
20173,0.7621511
20174,0.0141896345
20175,0.49281898
20176,0.540982
20177,0.62862444
20178,0.69069177
20179,0.70024246
20180,0.36552176
20181,0.024538398
20182,0.27703702
20183,0.14857684
20184,0.291695
20185,0.0033273865
20186,0.66449815
20187,0.9239888
20188,0.74943405
20189,0.0031302485
20190,0.4057898
20191,0.011870767
20192,0.7777544
20193,0.73726076
20194,0.64864314
20195,0.532947
20196,0.0057429774
20197,0.5304443
20198,0.38878775
20199,0.77485
20200,0.017785298
20201,0.5234455
20202,0.017925669
20203,0.39957052
20204,0.6455849
20205,0.031369556
20206,0.65944195
20207,0.60601455
20208,0.011180971
20209,0.07511009
20210,0.35390902
20211,0.28987348
20212,0.03799774
20213,0.0020825965
20214,0.7760925
20215,0.047427293
20216,0.7487949
20217,0.45890704
20218,0.29322398
20219,0.082894675
20220,0.24199794
20221,0.75076705
20222,0.5333142
20223,0.0032460794
20224,0.74942756
20225,0.019849708
20226,0.63242066
20227,0.0025591888
20228,0.0045018303
20229,0.96481496
20230,0.4642394
20231,0.0033422664
20232,0.9145472
20233,0.6764724
20234,0.42150962
20235,0.0150853
20236,0.0034403366
20237,0.08883541
20238,0.04236992
20239,0.0026291772
20240,0.8022346
20241,0.83056474
20242,0.22839195
20243,0.562609
20244,0.42070022
20245,0.29025036
20246,0.7037699
20247,0.8502775
20248,0.546403
20249,0.57592976
20250,0.75012213
20251,0.49687827
20252,0.60311383
20253,0.4407753
20254,0.20092371
20255,0.054437563
20256,0.5073039
20257,0.44141108
20258,0.89623696
20259,0.34282172
20260,0.7228734
20261,0.0045631067
20262,0.9023305
20263,0.014143876
20264,0.6297286
20265,0.8515969
20266,0.59007704
20267,0.012907163
20268,0.7773259
20269,0.59065026
20270,0.63893414
20271,0.05866372
20272,0.007979843
20273,0.25717992
20274,0.37821805
20275,0.38478234
20276,0.010663308
20277,0.040042914
20278,0.5397622
20279,0.530182
20280,0.7601262
20281,0.79584867
20282,0.0040484513
20283,0.76167005
20284,0.52249885
20285,0.4131786
20286,0.009174458
20287,0.53059226
20288,0.39068344
20289,0.033080988
20290,0.71254337
20291,0.84735507
20292,0.0015205176
20293,0.017857132
20294,0.005037572
20295,0.38921845
20296,0.13269027
20297,0.029931972
20298,0.00574839
20299,0.4270091
20300,0.0092686
20301,0.27431118
20302,0.0075945263
20303,0.0023004052
20304,0.0018305309
20305,0.3845659
20306,0.57652354
20307,0.08270225
20308,0.006721951
20309,0.5899331
20310,0.0714522
20311,0.013168112
20312,0.0032511882
20313,0.5115866
20314,0.009734792
20315,0.6919024
20316,0.7521357
20317,0.67904735
20318,0.7990822
20319,0.7685987
20320,0.31411126
20321,0.0044795815
20322,0.7468092
20323,0.7510139
20324,0.51525384
20325,0.02973197
20326,0.58439755
20327,0.50545067
20328,0.114583604
20329,0.6313916
20330,0.2897566
20331,0.046049945
20332,0.0012551476
20333,0.0064916513
20334,0.542911
20335,0.3689548
20336,0.00124794
20337,0.0014818744
20338,0.27575988
20339,0.010528617
20340,0.0027303905
20341,0.83416593
20342,0.6473184
20343,0.65241075
20344,0.0027722772
20345,0.15699436
20346,0.5048842
20347,0.32355234
20348,0.5646848
20349,0.8191763
20350,0.010639832
20351,0.0262106
20352,0.20072323
20353,0.008180407
20354,0.0785606
20355,0.8715846
20356,0.12194238
20357,0.4100406
20358,0.675583
20359,0.08432267
20360,0.057456587
20361,0.0015121213
20362,0.37152535
20363,0.66451883
20364,0.24885179
20365,0.3047559
20366,0.39087987
20367,0.8353171
20368,0.019514062
20369,0.7238196
20370,0.7365402
20371,0.8366473
20372,0.0046526375
20373,0.021044742
20374,0.7819341
20375,0.0034631498
20376,0.880569
20377,0.5410299
20378,0.006543977
20379,0.009468401
20380,0.58191013
20381,0.7126547
20382,0.77261084
20383,0.004653065
20384,0.054223906
20385,0.011386752
20386,0.505163
20387,0.0046795574
20388,0.35792127
20389,0.31394807
20390,0.0035203549
20391,0.016754458
20392,0.63082534
20393,0.5884646
20394,0.81233454
20395,0.6903606
20396,0.3629091
20397,0.16823526
20398,0.88501817
20399,0.008332995
20400,0.004930817
20401,0.05657132
20402,0.3427557
20403,0.0044069006
20404,0.6201092
20405,0.94341326
20406,0.58544147
20407,0.11052659
20408,0.025853299
20409,0.011319035
20410,0.92449534
20411,0.7456599
20412,0.007702205
20413,0.7976013
20414,0.8629141
20415,0.009074103
20416,0.00590171
20417,0.6338691
20418,0.6850086
20419,0.16202839
20420,0.1550467
20421,0.21356793
20422,0.0060411966
20423,0.6433798
20424,0.0005698944
20425,0.004248386
20426,0.8324195
20427,0.006219012
20428,0.31475595
20429,0.6063893
20430,0.02099536
20431,0.86142355
20432,0.36822975
20433,0.9236345
20434,0.45046484
20435,0.0025139786
20436,0.8416541
20437,0.0055364883
20438,0.0032245473
20439,0.7124192
20440,0.12401912
20441,0.5438446
20442,0.046776935
20443,0.018625114
20444,0.008715647
20445,0.0019022088
20446,0.1762545
20447,0.31425032
20448,0.24153037
20449,0.71064764
20450,0.82236344
20451,0.7667669
20452,0.86848027
20453,0.0059529156
20454,0.0026417363
20455,0.88078123
20456,0.005378207
20457,0.68429613
20458,0.5543292
20459,0.36849645
20460,0.5400153
20461,0.60568213
20462,0.0022509114
20463,0.021464594
20464,0.0010099687
20465,0.76857847
20466,0.007258603
20467,0.015445892
20468,0.035674073
20469,0.87649184
20470,0.41104424
20471,0.0064055156
20472,0.88053286
20473,0.49380788
20474,0.38213772
20475,0.50701576
20476,0.020909507
20477,0.554616
20478,0.086150706
20479,0.6657227
20480,0.9329611
20481,0.34753612
20482,0.0057199337
20483,0.59472704
20484,0.06489595
20485,0.5100903
20486,0.7529857
20487,0.004580499
20488,0.70582867
20489,0.28646776
20490,0.016662205
20491,0.65446764
20492,0.019190036
20493,0.36386743
20494,0.3119718
20495,0.7754265
20496,0.30642775
20497,0.61212355
20498,0.63341784
20499,0.773972
20500,0.5858176
20501,0.011982892
20502,0.033363756
20503,0.3265092
20504,0.048023604
20505,0.029874222
20506,0.04856631
20507,0.4226089
20508,0.88269293
20509,0.0028448668
20510,0.033086594
20511,0.0034883937
20512,0.6252365
20513,0.83843875
20514,0.11426559
20515,0.7638042
20516,0.5296169
20517,0.058950268
20518,0.0022483997
20519,0.3884088
20520,0.0023636476
20521,0.19916917
20522,0.007133293
20523,0.13613766
20524,0.38080168
20525,0.0026936433
20526,0.0018498375
20527,0.22307363
20528,0.29943147
20529,0.87401354
20530,0.22072826
20531,0.028078327
20532,0.008156138
20533,0.87099326
20534,0.7295576
20535,0.6446164
20536,0.009837633
20537,0.8505157
20538,0.77472717
20539,0.8999126
20540,0.79216915
20541,0.45915702
20542,0.6654912
20543,0.11457541
20544,0.7428556
20545,0.06258623
20546,0.5605758
20547,0.0036588712
20548,0.86641866
20549,0.7014346
20550,0.67218083
20551,0.6277777
20552,0.650399
20553,0.9521572
20554,0.017590107
20555,0.012017815
20556,0.11765104
20557,0.80150133
20558,0.56793946
20559,0.0019447361
20560,0.00087418203
20561,0.6909726
20562,0.002197738
20563,0.9404471
20564,0.6796645
20565,0.0071456158
20566,0.91255045
20567,0.009993649
20568,0.69969714
20569,0.0006822317
20570,0.7012349
20571,0.0013404218
20572,0.007149466
20573,0.9230666
20574,0.9190479
20575,0.007890739
20576,0.5657888
20577,0.010016302
20578,0.39577538
20579,0.70190287
20580,0.7894031
20581,0.57825404
20582,0.008134414
20583,0.61272395
20584,0.7830499
20585,0.0005433216
20586,0.020791907
20587,0.8263192
20588,0.02682303
20589,0.3666275
20590,0.01305545
20591,0.001974627
20592,0.07049934
20593,0.37981185
20594,0.003399409
20595,0.4548252
20596,0.02272187
20597,0.30407622
20598,0.69507414
20599,0.001405247
20600,0.016691897
20601,0.0026723086
20602,0.84236795
20603,0.06863638
20604,0.80527854
20605,0.2507529
20606,0.2573388
20607,0.20279069
20608,0.5325952
20609,0.1908408
20610,0.31430495
20611,0.7463405
20612,0.0029858407
20613,0.15845466
20614,0.005118431
20615,0.0039553586
20616,0.81824917
20617,0.6175659
20618,0.39110106
20619,0.6687834
20620,0.8258156
20621,0.14720623
20622,0.008331375
20623,0.0031673256
20624,0.0027920397
20625,0.8036063
20626,0.89508045
20627,0.70534015
20628,0.71256703
20629,0.0026669365
20630,0.008020404
20631,0.66105497
20632,0.014275959
20633,0.00454511
20634,0.9048427
20635,0.5286349
20636,0.043082155
20637,0.42086437
20638,0.2623394
20639,0.64537114
20640,0.82184416
20641,0.16563019
20642,0.0016142828
20643,0.009060076
20644,0.33886084
20645,0.1251308
20646,0.3170574
20647,0.56203693
20648,0.892977
20649,0.0016596221
20650,0.7942273
20651,0.3991465
20652,0.0063814777
20653,0.8667138
20654,0.8226317
20655,0.51589906
20656,0.65906787
20657,0.016104763
20658,0.03623635
20659,0.005668422
20660,0.71610695
20661,0.005038513
20662,0.41056046
20663,0.004889141
20664,0.053709254
20665,0.0024618255
20666,0.037967328
20667,0.5758944
20668,0.35939336
20669,0.0014599595
20670,0.12551792
20671,0.0011525836
20672,0.79132175
20673,0.86206377
20674,0.75411737
20675,0.7499074
20676,0.003348494
20677,0.0026188586
20678,0.03616079
20679,0.37311104
20680,0.89827746
20681,0.9518546
20682,0.023692457
20683,0.59405875
20684,0.40970176
20685,0.018946411
20686,0.6118357
20687,0.25338298
20688,0.40192315
20689,0.6053976
20690,0.0017574627
20691,0.6620149
20692,0.010042423
20693,0.0045152777
20694,0.0064385543
20695,0.29023692
20696,0.0048777456
20697,0.04319637
20698,0.91910565
20699,0.8726217
20700,0.8941023
20701,0.007704214
20702,0.55659795
20703,0.075129814
20704,0.005517318
20705,0.39406666
20706,0.014913642
20707,0.0015869666
20708,0.8218021
20709,0.37377954
20710,0.93774796
20711,0.7903265
20712,0.0015597151
20713,0.0033909262
20714,0.5210444
20715,0.006132474
20716,0.007419088
20717,0.15328579
20718,0.0041096527
20719,0.5031465
20720,0.33177146
20721,0.81352884
20722,0.4895655
20723,0.0039633475
20724,0.03316558
20725,0.29738146
20726,0.14620984
20727,0.5448596
20728,0.8937643
20729,0.6556979
20730,0.00616047
20731,0.016469281
20732,0.34793526
20733,0.44520554
20734,0.9048345
20735,0.07658757
20736,0.516491
20737,0.86833894
20738,0.48924232
20739,0.7322825
20740,0.7500647
20741,0.681079
20742,0.04885464
20743,0.8383719
20744,0.7011097
20745,0.6771491
20746,0.755178
20747,0.47519454
20748,0.5457343
20749,0.04572288
20750,0.42269707
20751,0.026467228
20752,0.34767222
20753,0.018690104
20754,0.61193347
20755,0.81371266
20756,0.7356631
20757,0.007982458
20758,0.41975158
20759,0.7890627
20760,0.020585822
20761,0.01403522
20762,0.53965694
20763,0.019267356
20764,0.5573134
20765,0.020671632
20766,0.0064116437
20767,0.38091344
20768,0.03370842
20769,0.48246533
20770,0.5468039
20771,0.06115476
20772,0.0017044002
20773,0.052260034
20774,0.3078497
20775,0.35986418
20776,0.6778949
20777,0.87484574
20778,0.6232204
20779,0.40124276
20780,0.055316124
20781,0.63958365
20782,0.32552618
20783,0.39661816
20784,0.010814508
20785,0.84790576
20786,0.008259339
20787,0.0013627204
20788,0.0038326932
20789,0.008673316
20790,0.6670071
20791,0.024613991
20792,0.11842652
20793,0.0442403
20794,0.086200096
20795,0.14244467
20796,0.4532077
20797,0.050529707
20798,0.0066290605
20799,0.035630856
20800,0.83437103
20801,0.009045692
20802,0.006083652
20803,0.7302332
20804,0.3372823
20805,0.31681642
20806,0.82088685
20807,0.001805038
20808,0.833264
20809,0.68901736
20810,0.92169875
20811,0.36391547
20812,0.18919463
20813,0.34529498
20814,0.0010719139
20815,0.026159756
20816,0.0034666064
20817,0.5269567
20818,0.26938924
20819,0.0053127585
20820,0.5918266
20821,0.63811517
20822,0.45360467
20823,0.78567433
20824,0.5670368
20825,0.019027513
20826,0.22250013
20827,0.34556612
20828,0.08686812
20829,0.3812893
20830,0.02985745
20831,0.025449418
20832,0.13046925
20833,0.82558954
20834,0.03696461
20835,0.0031755152
20836,0.0059782956
20837,0.20398176
20838,0.009972573
20839,0.4203454
20840,0.102751166
20841,0.8081325
20842,0.029640544
20843,0.6695084
20844,0.46621773
20845,0.91195756
20846,0.0018392849
20847,0.61547655
20848,0.0225767
20849,0.005935953
20850,0.8104065
20851,0.46337613
20852,0.87816817
20853,0.3650212
20854,0.009787881
20855,0.82082534
20856,0.2083107
20857,0.6787579
20858,0.20814513
20859,0.021989444
20860,0.8851555
20861,0.72741
20862,0.0017972516
20863,0.1010765
20864,0.56162375
20865,0.040351517
20866,0.4664215
20867,0.17436638
20868,0.080215424
20869,0.7084766
20870,0.8056892
20871,0.22779413
20872,0.0065536257
20873,0.5558072
20874,0.53754574
20875,0.44298166
20876,0.52341795
20877,0.91599536
20878,0.60029525
20879,0.33294433
20880,0.23453136
20881,0.013972349
20882,0.3401589
20883,0.6750369
20884,0.0632407
20885,0.82899576
20886,0.93115103
20887,0.5090896
20888,0.58040786
20889,0.58691436
20890,0.0027024108
20891,0.5206491
20892,0.9274014
20893,0.5918839
20894,0.36061227
20895,0.71582514
20896,0.010580618
20897,0.7912928
20898,0.73826
20899,0.5518849
20900,0.031983234
20901,0.2755562
20902,0.14984295
20903,0.27802676
20904,0.033026166
20905,0.016180554
20906,0.46390176
20907,0.8028819
20908,0.41861063
20909,0.016169135
20910,0.91376907
20911,0.00622521
20912,0.0046896446
20913,0.019099718
20914,0.9246314
20915,0.93026334
20916,0.24707101
20917,0.004429617
20918,0.4926104
20919,0.0011401835
20920,0.7591558
20921,0.006560074
20922,0.3910491
20923,0.20284756
20924,0.026744716
20925,0.71664494
20926,0.0050861905
20927,0.78861517
20928,0.0030338778
20929,0.0016188629
20930,0.027311075
20931,0.4680471
20932,0.0031133376
20933,0.70815843
20934,0.7620806
20935,0.18263073
20936,0.87987626
20937,0.6271296
20938,0.122897774
20939,0.97124475
20940,0.44032776
20941,0.91645837
20942,0.01777869
20943,0.33138013
20944,0.35586438
20945,0.021353979
20946,0.89029855
20947,0.62884295
20948,0.6253866
20949,0.004701209
20950,0.2445764
20951,0.002611605
20952,0.55617523
20953,0.0044964678
20954,0.112368
20955,0.8575945
20956,0.24939553
20957,0.008220073
20958,0.003126154
20959,0.8325527
20960,0.15435448
20961,0.86906594
20962,0.011781045
20963,0.6573919
20964,0.7748399
20965,0.82821494
20966,0.34689486
20967,0.34671727
20968,0.6032445
20969,0.73663646
20970,0.82337207
20971,0.20822106
20972,0.0020751073
20973,0.6064731
20974,0.7553709
20975,0.007304436
20976,0.797521
20977,0.0041341693
20978,0.8360071
20979,0.5450051
20980,0.0405884
20981,0.90344304
20982,0.5854459
20983,0.6654073
20984,0.86892235
20985,0.01131888
20986,0.42728043
20987,0.54495716
20988,0.051769838
20989,0.6055307
20990,0.56578594
20991,0.0155425975
20992,0.43625876
20993,0.58744913
20994,0.5912967
20995,0.056616746
20996,0.8251033
20997,0.03225516
20998,0.6648155
20999,0.0061099664
21000,0.77781737
21001,0.74763316
21002,0.53112686
21003,0.013400549
21004,0.7824683
21005,0.5541276
21006,0.8015874
21007,0.87468946
21008,0.7991166
21009,0.5047543
21010,0.027013827
21011,0.00061510096
21012,0.0057861693
21013,0.15799972
21014,0.015478805
21015,0.124899656
21016,0.48341966
21017,0.8219872
21018,0.63762647
21019,0.077461556
21020,0.36945835
21021,0.48753497
21022,0.03899262
21023,0.701856
21024,0.63193995
21025,0.26955077
21026,0.25777122
21027,0.0036595128
21028,0.5536457
21029,0.0032235826
21030,0.6763171
21031,0.62685287
21032,0.7329031
21033,0.33846343
21034,0.44352517
21035,0.04275744
21036,0.79120195
21037,0.9095857
21038,0.64161485
21039,0.008110519
21040,0.025158571
21041,0.024745338
21042,0.7241565
21043,0.9311461
21044,0.83431274
21045,0.8145688
21046,0.197578
21047,0.24564047
21048,0.4900625
21049,0.22934292
21050,0.8055061
21051,0.94459546
21052,0.54377097
21053,0.37357536
21054,0.55933535
21055,0.022285407
21056,0.85872537
21057,0.8927952
21058,0.004207632
21059,0.087017156
21060,0.00090993027
21061,0.0017616913
21062,0.7830055
21063,0.8552958
21064,0.9049574
21065,0.17112316
21066,0.73070157
21067,0.89577574
21068,0.0009247748
21069,0.35329464
21070,0.80075556
21071,0.33579856
21072,0.024338773
21073,0.8521039
21074,0.5414388
21075,0.006383886
21076,0.6461737
21077,0.039408963
21078,0.13540985
21079,0.17845476
21080,0.3957497
21081,0.023377484
21082,0.028843334
21083,0.587151
21084,0.1490237
21085,0.634699
21086,0.009632464
21087,0.74628043
21088,0.673874
21089,0.52974784
21090,0.5218321
21091,0.91050047
21092,0.6315431
21093,0.7005772
21094,0.3344036
21095,0.17345373
21096,0.46911797
21097,0.33108953
21098,0.62854517
21099,0.33798823
21100,0.8906973
21101,0.22640243
21102,0.0117679825
21103,0.9307294
21104,0.62194824
21105,0.013057041
21106,0.8877362
21107,0.44156086
21108,0.63614607
21109,0.5409561
21110,0.49549282
21111,0.67382324
21112,0.62904716
21113,0.0074701537
21114,0.81117475
21115,0.0016015503
21116,0.5314375
21117,0.7138888
21118,0.60937554
21119,0.42762756
21120,0.5827941
21121,0.033312496
21122,0.90607
21123,0.0068284846
21124,0.67935103
21125,0.59840226
21126,0.93267214
21127,0.004153349
21128,0.7072385
21129,0.63694733
21130,0.65684134
21131,0.39570776
21132,0.11122591
21133,0.42918205
21134,0.698361
21135,0.010787887
21136,0.55087805
21137,0.007595523
21138,0.8804247
21139,0.0191855
21140,0.92934513
21141,0.7284468
21142,0.7150271
21143,0.6163118
21144,0.011828178
21145,0.86404127
21146,0.83918744
21147,0.018948968
21148,0.5277824
21149,0.7286829
21150,0.68055856
21151,0.0058021946
21152,0.5012271
21153,0.5861439
21154,0.36120397
21155,0.36025724
21156,0.57921827
21157,0.63747275
21158,0.5513652
21159,0.5061427
21160,0.005625145
21161,0.19859175
21162,0.9027347
21163,0.036243156
21164,0.60389614
21165,0.893923
21166,0.83207566
21167,0.7417601
21168,0.6098911
21169,0.91530496
21170,0.0072265374
21171,0.031436168
21172,0.317217
21173,0.6592507
21174,0.0019682723
21175,0.7530301
21176,0.0059222733
21177,0.0019547853
21178,0.79807335
21179,0.016155846
21180,0.04109975
21181,0.046450302
21182,0.0030437098
21183,0.0045224084
21184,0.09449634
21185,0.009851681
21186,0.06222932
21187,0.047258522
21188,0.6912723
21189,0.48151764
21190,0.47419775
21191,0.50721467
21192,0.36913309
21193,0.0140633825
21194,0.6868825
21195,0.71877456
21196,0.7714129
21197,0.79914695
21198,0.0026190346
21199,0.5065302
21200,0.61621404
21201,0.6100845
21202,0.010543892
21203,0.763786
21204,0.03127119
21205,0.0049354737
21206,0.78196967
21207,0.45050722
21208,0.47234815
21209,0.56466824
21210,0.77437896
21211,0.3447848
21212,0.0071567553
21213,0.0025828204
21214,0.62185687
21215,0.53768045
21216,0.8966698
21217,0.008635068
21218,0.004163565
21219,0.0017844976
21220,0.6724222
21221,0.8923978
21222,0.005021811
21223,0.38122737
21224,0.6437791
21225,0.22034281
21226,0.01004706
21227,0.009923261
21228,0.6584609
21229,0.82477725
21230,0.49627227
21231,0.6387178
21232,0.86523104
21233,0.013854984
21234,0.003764978
21235,0.56364655
21236,0.0020073068
21237,0.04467866
21238,0.688118
21239,0.07485978
21240,0.02358866
21241,0.25193715
21242,0.8244318
21243,0.013649769
21244,0.7906734
21245,0.0045130746
21246,0.62266654
21247,0.045245484
21248,0.74879766
21249,0.39950103
21250,0.8043504
21251,0.39588055
21252,0.42696664
21253,0.008431534
21254,0.6801567
21255,0.004873413
21256,0.8919932
21257,0.73201364
21258,0.6810243
21259,0.16713603
21260,0.5637984
21261,0.6862581
21262,0.7956927
21263,0.6197183
21264,0.004368084
21265,0.0016891308
21266,0.0013274833
21267,0.2003968
21268,0.020320628
21269,0.48547867
21270,0.33701536
21271,0.73350775
21272,0.9074978
21273,0.9127667
21274,0.011119649
21275,0.024733055
21276,0.0053332965
21277,0.40193114
21278,0.8787328
21279,0.048372608
21280,0.0011815338
21281,0.71340406
21282,0.65344614
21283,0.79403853
21284,0.8308534
21285,0.028528713
21286,0.7387543
21287,0.46161038
21288,0.8718527
21289,0.5859615
21290,0.0024114894
21291,0.5624035
21292,0.013464862
21293,0.0073471214
21294,0.6889612
21295,0.0036186634
21296,0.11655395
21297,0.7397457
21298,0.0043764045
21299,0.0035135993
21300,0.9425175
21301,0.0018473613
21302,0.7874345
21303,0.01480786
21304,0.9261328
21305,0.0095666675
21306,0.25806385
21307,0.6231177
21308,0.16309239
21309,0.49726754
21310,0.032194685
21311,0.2207022
21312,0.061970394
21313,0.57835543
21314,0.0019768905
21315,0.0015217465
21316,0.7191782
21317,0.014907666
21318,0.4676231
21319,0.0032313224
21320,0.5888141
21321,0.6708178
21322,0.89286
21323,0.11879943
21324,0.0046351166
21325,0.2842411
21326,0.12040747
21327,0.9098065
21328,0.48716387
21329,0.6745249
21330,0.09360062
21331,0.6223633
21332,0.004151818
21333,0.25580493
21334,0.9403872
21335,0.29835895
21336,0.6272432
21337,0.42495948
21338,0.75502783
21339,0.8415408
21340,0.004775314
21341,0.0018066496
21342,0.6624977
21343,0.29857826
21344,0.79442424
21345,0.005586461
21346,0.02323134
21347,0.0015856236
21348,0.020673921
21349,0.008205092
21350,0.025579972
21351,0.7646317
21352,0.014950299
21353,0.58717096
21354,0.8508194
21355,0.3239505
21356,0.6261298
21357,0.010765079
21358,0.8081882
21359,0.71272004
21360,0.7785271
21361,0.58880955
21362,0.07049247
21363,0.09840607
21364,0.4922973
21365,0.026384352
21366,0.10624499
21367,0.039553937
21368,0.018164897
21369,0.008373707
21370,0.0068642823
21371,0.5721496
21372,0.21519087
21373,0.49752662
21374,0.26735547
21375,0.93380064
21376,0.010876969
21377,0.26646557
21378,0.011867872
21379,0.007366477
21380,0.88145286
21381,0.5170306
21382,0.06578217
21383,0.6866338
21384,0.7390322
21385,0.6939547
21386,0.5009132
21387,0.021931697
21388,0.651769
21389,0.30697995
21390,0.7590585
21391,0.0040858793
21392,0.53091395
21393,0.0034553148
21394,0.032237805
21395,0.005192584
21396,0.59408736
21397,0.56036496
21398,0.06430585
21399,0.53961957
21400,0.6668502
21401,0.71516377
21402,0.45574018
21403,0.008983876
21404,0.59140885
21405,0.65727633
21406,0.41148627
21407,0.05161675
21408,0.73145324
21409,0.21058927
21410,0.08961955
21411,0.046351608
21412,0.54528785
21413,0.44900456
21414,0.71771544
21415,0.027327439
21416,0.6219985
21417,0.5515778
21418,0.46909276
21419,0.9433284
21420,0.116297066
21421,0.74129695
21422,0.62288004
21423,0.58312124
21424,0.03835671
21425,0.7625147
21426,0.39998108
21427,0.49005786
21428,0.13320756
21429,0.42951673
21430,0.049241956
21431,0.3118455
21432,0.95494205
21433,0.7521362
21434,0.9166173
21435,0.6189249
21436,0.0017354679
21437,0.0039326763
21438,0.9139363
21439,0.5893995
21440,0.022227224
21441,0.0045419214
21442,0.36057135
21443,0.008501195
21444,0.61928827
21445,0.80261874
21446,0.70808023
21447,0.7396697
21448,0.0062685874
21449,0.043735944
21450,0.94972754
21451,0.4494955
21452,0.16971251
21453,0.51925534
21454,0.36712143
21455,0.88521326
21456,0.07633136
21457,0.6149517
21458,0.18736348
21459,0.37494332
21460,0.0017152575
21461,0.081207216
21462,0.0026335272
21463,0.1773301
21464,0.56820494
21465,0.4189367
21466,0.01827971
21467,0.011249756
21468,0.0044778804
21469,0.0010397243
21470,0.50878626
21471,0.6454737
21472,0.42484003
21473,0.8868803
21474,0.3640386
21475,0.010677095
21476,0.069960386
21477,0.65726954
21478,0.71952486
21479,0.070134155
21480,0.7054703
21481,0.008268205
21482,0.8480529
21483,0.8307541
21484,0.21833259
21485,0.043783627
21486,0.32326454
21487,0.92990845
21488,0.68817836
21489,0.90145427
21490,0.6243981
21491,0.0036827885
21492,0.6133536
21493,0.53207326
21494,0.014686665
21495,0.34423858
21496,0.20734318
21497,0.023611289
21498,0.503627
21499,0.5507493
21500,0.005617767
21501,0.6988394
21502,0.8791119
21503,0.005117705
21504,0.7309031
21505,0.58295345
21506,0.69972193
21507,0.013416245
21508,0.7205454
21509,0.93835384
21510,0.5252875
21511,0.10310524
21512,0.73820513
21513,0.67275786
21514,0.2958079
21515,0.300876
21516,0.80820024
21517,0.7927165
21518,0.0034762605
21519,0.00120168
21520,0.21995847
21521,0.681184
21522,0.0086110355
21523,0.04542537
21524,0.006298347
21525,0.46915743
21526,0.20820297
21527,0.11779907
21528,0.0014964961
21529,0.901632
21530,0.7338821
21531,0.4868044
21532,0.15409988
21533,0.827817
21534,0.44997275
21535,0.9185883
21536,0.65267104
21537,0.8310119
21538,0.5821973
21539,0.38722607
21540,0.69116426
21541,0.0019546675
21542,0.011086805
21543,0.0035763783
21544,0.101527326
21545,0.4152228
21546,0.76997024
21547,0.0032722142
21548,0.38529164
21549,0.025557628
21550,0.04088891
21551,0.7359238
21552,0.69871646
21553,0.0056547066
21554,0.049855486
21555,0.007755232
21556,0.8254689
21557,0.72233135
21558,0.45060828
21559,0.84517413
21560,0.0007828486
21561,0.8212313
21562,0.045528613
21563,0.7159927
21564,0.7893775
21565,0.552222
21566,0.26006025
21567,0.54087275
21568,0.8755723
21569,0.32366046
21570,0.41445318
21571,0.068874985
21572,0.012560056
21573,0.079938605
21574,0.828813
21575,0.5234856
21576,0.0011675236
21577,0.044174735
21578,0.13889258
21579,0.0060181147
21580,0.5016249
21581,0.860657
21582,0.009419938
21583,0.33955774
21584,0.23487198
21585,0.21541257
21586,0.011209196
21587,0.0022600717
21588,0.6367991
21589,0.46154472
21590,0.7992795
21591,0.5200018
21592,0.6590527
21593,0.30615303
21594,0.0023381407
21595,0.7886624
21596,0.01678522
21597,0.27264234
21598,0.77849543
21599,0.5998412
21600,0.91330075
21601,0.10566235
21602,0.6334338
21603,0.6484615
21604,0.011088288
21605,0.007401617
21606,0.010649396
21607,0.84243494
21608,0.0043994747
21609,0.0037032084
21610,0.0019863101
21611,0.8640691
21612,0.2829649
21613,0.5333263
21614,0.42854202
21615,0.6917084
21616,0.8093692
21617,0.002834679
21618,0.0013469814
21619,0.2985076
21620,0.6200205
21621,0.64006513
21622,0.4993656
21623,0.035049725
21624,0.0029035392
21625,0.0007398401
21626,0.6783185
21627,0.8973903
21628,0.03654976
21629,0.63204515
21630,0.031579856
21631,0.89051896
21632,0.7966748
21633,0.20231684
21634,0.0014612298
21635,0.14304894
21636,0.65318173
21637,0.3943752
21638,0.7291644
21639,0.73006725
21640,0.6210083
21641,0.61256135
21642,0.0018466938
21643,0.386391
21644,0.36380148
21645,0.60517913
21646,0.57251656
21647,0.7561863
21648,0.002951182
21649,0.016773883
21650,0.7013482
21651,0.92605495
21652,0.023479596
21653,0.5556534
21654,0.43693775
21655,0.011633023
21656,0.5700814
21657,0.72419006
21658,0.034792993
21659,0.81006145
21660,0.78455096
21661,0.68716764
21662,0.5552133
21663,0.39997658
21664,0.5127067
21665,0.046185616
21666,0.79029024
21667,0.3279575
21668,0.82358015
21669,0.6906137
21670,0.5869361
21671,0.6114135
21672,0.11835862
21673,0.010983175
21674,0.7390556
21675,0.32502416
21676,0.83007085
21677,0.8475796
21678,0.7447858
21679,0.9314395
21680,0.5702602
21681,0.7666731
21682,0.7247783
21683,0.6461974
21684,0.46765944
21685,0.5331289
21686,0.6591341
21687,0.25847065
21688,0.1681596
21689,0.002642565
21690,0.3911211
21691,0.15073204
21692,0.03404289
21693,0.32977316
21694,0.013148447
21695,0.6599046
21696,0.33349562
21697,0.87060183
21698,0.0057202145
21699,0.009606227
21700,0.0025956156
21701,0.006175911
21702,0.004250777
21703,0.032280218
21704,0.5549268
21705,0.33319306
21706,0.84992963
21707,0.51377857
21708,0.91168356
21709,0.00484275
21710,0.050966106
21711,0.03107264
21712,0.677415
21713,0.041215546
21714,0.06662319
21715,0.7894792
21716,0.8976418
21717,0.5764579
21718,0.62432504
21719,0.44021136
21720,0.5789247
21721,0.116673976
21722,0.87538475
21723,0.66778684
21724,0.0015504797
21725,0.016464353
21726,0.04000431
21727,0.78303576
21728,0.6277673
21729,0.6563203
21730,0.7744889
21731,0.75831187
21732,0.10656229
21733,0.0049720188
21734,0.031628083
21735,0.029861351
21736,0.54156286
21737,0.55202067
21738,0.013929831
21739,0.3506799
21740,0.70949024
21741,0.79841393
21742,0.8875432
21743,0.8796156
21744,0.89087826
21745,0.7579896
21746,0.00093393243
21747,0.88481784
21748,0.80697423
21749,0.09217564
21750,0.52897584
21751,0.8243802
21752,0.5042964
21753,0.10460899
21754,0.01587489
21755,0.0047915312
21756,0.001647353
21757,0.0084341
21758,0.23346122
21759,0.0066687507
21760,0.62490135
21761,0.50173664
21762,0.04364965
21763,0.6652998
21764,0.93198025
21765,0.3339836
21766,0.44445354
21767,0.8137672
21768,0.8796163
21769,0.02843559
21770,0.7764853
21771,0.47440746
21772,0.007054435
21773,0.6155395
21774,0.010156601
21775,0.26179165
21776,0.63379467
21777,0.7571237
21778,0.2886108
21779,0.01885672
21780,0.033746406
21781,0.68708843
21782,0.26936793
21783,0.45206973
21784,0.005913585
21785,0.7525752
21786,0.007072391
21787,0.3844989
21788,0.58814013
21789,0.7993216
21790,0.81851965
21791,0.54909736
21792,0.0030368085
21793,0.022101473
21794,0.752883
21795,0.2765383
21796,0.75531507
21797,0.7471026
21798,0.0028491525
21799,0.6315851
21800,0.6891469
21801,0.8254616
21802,0.66851014
21803,0.008643147
21804,0.21090233
21805,0.001843195
21806,0.5784499
21807,0.8469251
21808,0.0989359
21809,0.20863158
21810,0.004158855
21811,0.84223545
21812,0.37756515
21813,0.010095079
21814,0.90026677
21815,0.01091617
21816,0.025335144
21817,0.0022278705
21818,0.34091327
21819,0.0353774
21820,0.041638784
21821,0.65086395
21822,0.29626432
21823,0.6699374
21824,0.0065802317
21825,0.45774785
21826,0.15293328
21827,0.33449957
21828,0.0044810665
21829,0.003458767
21830,0.59556323
21831,0.56617427
21832,0.19081199
21833,0.56686914
21834,0.38284707
21835,0.004849066
21836,0.8805776
21837,0.19654027
21838,0.40804473
21839,0.044854693
21840,0.32453203
21841,0.5316525
21842,0.83526194
21843,0.24648076
21844,0.20038113
21845,0.09164064
21846,0.60095763
21847,0.83659464
21848,0.0017700142
21849,0.004220274
21850,0.35665375
21851,0.022881126
21852,0.0008816931
21853,0.65408725
21854,0.71890604
21855,0.7789937
21856,0.56540793
21857,0.25843307
21858,0.2165901
21859,0.0025875375
21860,0.43754512
21861,0.7109539
21862,0.37290755
21863,0.009068933
21864,0.8783234
21865,0.14456032
21866,0.65239125
21867,0.505793
21868,0.7782436
21869,0.6268782
21870,0.5759089
21871,0.9330646
21872,0.00094496715
21873,0.57514894
21874,0.008826854
21875,0.7439268
21876,0.7887451
21877,0.029620841
21878,0.56713605
21879,0.3166622
21880,0.009708724
21881,0.004630588
21882,0.7425413
21883,0.6422315
21884,0.25836647
21885,0.2376348
21886,0.3576339
21887,0.006290337
21888,0.8209415
21889,0.0015748142
21890,0.0064400434
21891,0.3571085
21892,0.8538197
21893,0.6146139
21894,0.52136487
21895,0.004968586
21896,0.73396224
21897,0.003712792
21898,0.68306583
21899,0.20572142
21900,0.005580242
21901,0.013739659
21902,0.48630723
21903,0.85889196
21904,0.5584448
21905,0.2283923
21906,0.615898
21907,0.10157572
21908,0.06332246
21909,0.004120366
21910,0.61026436
21911,0.7188773
21912,0.008297481
21913,0.8902237
21914,0.82973164
21915,0.78039473
21916,0.006810193
21917,0.017020857
21918,0.5700414
21919,0.013151786
21920,0.7579135
21921,0.66774637
21922,0.010432036
21923,0.55107135
21924,0.8340294
21925,0.38755763
21926,0.22763817
21927,0.73134226
21928,0.018665759
21929,0.7567727
21930,0.019221554
21931,0.07671569
21932,0.043952044
21933,0.48412904
21934,0.03473242
21935,0.001991961
21936,0.002209574
21937,0.023333326
21938,0.020567639
21939,0.0044646566
21940,0.5249149
21941,0.59489065
21942,0.061341032
21943,0.6505932
21944,0.5684208
21945,0.821046
21946,0.9008413
21947,0.024287598
21948,0.014752012
21949,0.036232255
21950,0.11226303
21951,0.8990358
21952,0.54363835
21953,0.46130258
21954,0.7116726
21955,0.86882126
21956,0.44227177
21957,0.001837078
21958,0.8350896
21959,0.7139295
21960,0.49649566
21961,0.88459706
21962,0.6389564
21963,0.011862567
21964,0.004005743
21965,0.10019204
21966,0.0045245434
21967,0.19608684
21968,0.57101315
21969,0.7086685
21970,0.5982389
21971,0.7168933
21972,0.3166645
21973,0.0016076542
21974,0.007111559
21975,0.238351
21976,0.50617796
21977,0.0032458166
21978,0.8408358
21979,0.24296196
21980,0.0031238662
21981,0.7465317
21982,0.06276816
21983,0.6203859
21984,0.7646054
21985,0.19756767
21986,0.65775925
21987,0.00912174
21988,0.61086303
21989,0.70368516
21990,0.18975125
21991,0.7689786
21992,0.73330915
21993,0.017825348
21994,0.0010932025
21995,0.8722225
21996,0.0018678557
21997,0.57609206
21998,0.042976744
21999,0.012688552
22000,0.035268962
22001,0.36294407
22002,0.74565166
22003,0.62538505
22004,0.05547059
22005,0.7779795
22006,0.51363635
22007,0.0054333154
22008,0.0009009959
22009,0.021774935
22010,0.0007447506
22011,0.0018139954
22012,0.02118244
22013,0.4119421
22014,0.62760025
22015,0.53898054
22016,0.007218493
22017,0.8444814
22018,0.039693132
22019,0.0170741
22020,0.526948
22021,0.15565783
22022,0.8380102
22023,0.019492077
22024,0.92432934
22025,0.621372
22026,0.8671854
22027,0.0046171523
22028,0.025214033
22029,0.0018618183
22030,0.18043143
22031,0.010746975
22032,0.8736673
22033,0.68040437
22034,0.30358022
22035,0.015616575
22036,0.9094616
22037,0.4453035
22038,0.0068200077
22039,0.583018
22040,0.0061968155
22041,0.70994186
22042,0.92819583
22043,0.002711846
22044,0.0014384901
22045,0.8093578
22046,0.0026121081
22047,0.013025597
22048,0.65515155
22049,0.010355652
22050,0.88441014
22051,0.061462052
22052,0.0019290299
22053,0.0067968788
22054,0.010856612
22055,0.004776576
22056,0.45151812
22057,0.010764957
22058,0.40103084
22059,0.73139703
22060,0.040292267
22061,0.830893
22062,0.45974123
22063,0.00078897475
22064,0.20099011
22065,0.05720983
22066,0.05832978
22067,0.59891135
22068,0.012630129
22069,0.17928806
22070,0.8176974
22071,0.40376776
22072,0.29386157
22073,0.018226795
22074,0.007488771
22075,0.009935492
22076,0.0021941136
22077,0.49244913
22078,0.77217746
22079,0.72348946
22080,0.54781526
22081,0.5273055
22082,0.5021866
22083,0.57864994
22084,0.44793642
22085,0.042138863
22086,0.002348097
22087,0.028048959
22088,0.8268558
22089,0.03993048
22090,0.0061856136
22091,0.86180776
22092,0.16339308
22093,0.07383764
22094,0.009207209
22095,0.6342077
22096,0.77847785
22097,0.7802805
22098,0.56515723
22099,0.06922228
22100,0.53011876
22101,0.73718524
22102,0.005777828
22103,0.48527098
22104,0.90002126
22105,0.93436146
22106,0.0035408556
22107,0.17168446
22108,0.92344135
22109,0.0036992352
22110,0.11333598
22111,0.010489882
22112,0.523946
22113,0.56446874
22114,0.0407601
22115,0.7347107
22116,0.031467736
22117,0.009146822
22118,0.0029486355
22119,0.53664494
22120,0.7033413
22121,0.8375666
22122,0.48898578
22123,0.002443893
22124,0.0025986035
22125,0.63147366
22126,0.4322987
22127,0.01695798
22128,0.5096306
22129,0.7762813
22130,0.2643055
22131,0.007721994
22132,0.110679395
22133,0.030367477
22134,0.07102415
22135,0.81953496
22136,0.73467976
22137,0.0071056834
22138,0.8364516
22139,0.036658578
22140,0.68481934
22141,0.80716306
22142,0.64685076
22143,0.033817243
22144,0.18870129
22145,0.03308632
22146,0.223234
22147,0.026029918
22148,0.77696157
22149,0.6390556
22150,0.38844916
22151,0.015886402
22152,0.02922044
22153,0.8737102
22154,0.04232009
22155,0.71007776
22156,0.78486013
22157,0.024620343
22158,0.0057995757
22159,0.896033
22160,0.8193351
22161,0.0039475616
22162,0.43565938
22163,0.0074109514
22164,0.003618746
22165,0.8477254
22166,0.17334354
22167,0.8484332
22168,0.016049515
22169,0.005375425
22170,0.14960846
22171,0.004576114
22172,0.5422391
22173,0.925105
22174,0.04834391
22175,0.31406695
22176,0.0027205308
22177,0.34545973
22178,0.36506096
22179,0.0017387745
22180,0.65713644
22181,0.35359755
22182,0.31676176
22183,0.8281995
22184,0.67477626
22185,0.0023025016
22186,0.8921879
22187,0.3720521
22188,0.9026029
22189,0.0028570206
22190,0.6952318
22191,0.89025414
22192,0.8363425
22193,0.0033890624
22194,0.6379318
22195,0.055527747
22196,0.0040585655
22197,0.46548533
22198,0.8274543
22199,0.8867442
22200,0.0014793668
22201,0.18984099
22202,0.2819514
22203,0.85194063
22204,0.0038068588
22205,0.30520546
22206,0.0013281475
22207,0.33742955
22208,0.014768769
22209,0.7223468
22210,0.88929766
22211,0.0053611267
22212,0.5439082
22213,0.6920186
22214,0.008555629
22215,0.73069376
22216,0.040322583
22217,0.40968794
22218,0.072817035
22219,0.6042136
22220,0.006412471
22221,0.041100282
22222,0.47102103
22223,0.8356237
22224,0.91131586
22225,0.006432124
22226,0.7932068
22227,0.033765655
22228,0.74398845
22229,0.7687373
22230,0.65486014
22231,0.0033269145
22232,0.39329368
22233,0.1701863
22234,0.07180083
22235,0.0033709372
22236,0.1559311
22237,0.006999481
22238,0.29278943
22239,0.43956873
22240,0.0028195793
22241,0.0013732665
22242,0.7374028
22243,0.24492055
22244,0.46422157
22245,0.095462866
22246,0.6729014
22247,0.006792897
22248,0.76775324
22249,0.35184494
22250,0.017319355
22251,0.0106721185
22252,0.27168766
22253,0.33948863
22254,0.1194071
22255,0.01630397
22256,0.61673343
22257,0.90601736
22258,0.734748
22259,0.01268383
22260,0.8084975
22261,0.56027985
22262,0.5568479
22263,0.01438515
22264,0.8157348
22265,0.008212507
22266,0.24540667
22267,0.14404374
22268,0.23983888
22269,0.20621929
22270,0.082659565
22271,0.7152904
22272,0.47131193
22273,0.030286433
22274,0.5781975
22275,0.0044293916
22276,0.017175209
22277,0.8697653
22278,0.0073232963
22279,0.12894444
22280,0.0059006484
22281,0.56895673
22282,0.0053351987
22283,0.044676844
22284,0.8404329
22285,0.68300146
22286,0.2870387
22287,0.001923923
22288,0.06087247
22289,0.045683872
22290,0.018111471
22291,0.83314943
22292,0.81941384
22293,0.71094245
22294,0.0028807325
22295,0.33058742
22296,0.04956242
22297,0.002169286
22298,0.62347853
22299,0.859954
22300,0.0024672006
22301,0.0011802071
22302,0.024402617
22303,0.36625153
22304,0.4158311
22305,0.0062591233
22306,0.58548987
22307,0.011526003
22308,0.24533564
22309,0.0018249725
22310,0.4009804
22311,0.73217064
22312,0.6083642
22313,0.0068570124
22314,0.01801489
22315,0.5775214
22316,0.002040181
22317,0.33434454
22318,0.6399648
22319,0.6947687
22320,0.015941652
22321,0.95791256
22322,0.027933763
22323,0.008611127
22324,0.013401062
22325,0.3171887
22326,0.3475991
22327,0.55050254
22328,0.005154341
22329,0.0027630972
22330,0.7906872
22331,0.77444685
22332,0.012170252
22333,0.120861374
22334,0.56433445
22335,0.59169877
22336,0.053326912
22337,0.03492965
22338,0.06758736
22339,0.8278321
22340,0.1435935
22341,0.010629264
22342,0.0068960846
22343,0.3887207
22344,0.34087762
22345,0.5089346
22346,0.4219685
22347,0.6367005
22348,0.016319066
22349,0.5733881
22350,0.2792217
22351,0.0013270511
22352,0.6853401
22353,0.006538494
22354,0.6856788
22355,0.8582404
22356,0.012415375
22357,0.78604984
22358,0.87067807
22359,0.0011063721
22360,0.6734862
22361,0.16018409
22362,0.6240834
22363,0.00247697
22364,0.23254074
22365,0.64449805
22366,0.63860345
22367,0.8851317
22368,0.783435
22369,0.0026064843
22370,0.01921237
22371,0.9519499
22372,0.45159432
22373,0.57781523
22374,0.05454659
22375,0.68104386
22376,0.026019441
22377,0.95241964
22378,0.06884673
22379,0.7811851
22380,0.8653009
22381,0.23584412
22382,0.0051682414
22383,0.54430014
22384,0.0074657183
22385,0.8385584
22386,0.7942278
22387,0.41336226
22388,0.79335725
22389,0.0057035643
22390,0.19333826
22391,0.5859073
22392,0.009625787
22393,0.0080081
22394,0.72657144
22395,0.78615004
22396,0.5917894
22397,0.002493051
22398,0.012136746
22399,0.63339305
22400,0.0082735075
22401,0.3417468
22402,0.32017383
22403,0.5413948
22404,0.7796972
22405,0.005254768
22406,0.16003475
22407,0.0043983283
22408,0.6388878
22409,0.94872344
22410,0.8225834
22411,0.0075313663
22412,0.6468706
22413,0.31856114
22414,0.08349044
22415,0.015497063
22416,0.010018693
22417,0.009646659
22418,0.016711371
22419,0.0020307268
22420,0.9480689
22421,0.013749369
22422,0.16356279
22423,0.009982159
22424,0.0035835875
22425,0.005992133
22426,0.3835318
22427,0.0032094703
22428,0.47774437
22429,0.74644333
22430,0.4530293
22431,0.65117055
22432,0.4387194
22433,0.6729492
22434,0.19442268
22435,0.90282214
22436,0.007706004
22437,0.7374207
22438,0.4559621
22439,0.2397522
22440,0.046832986
22441,0.96812046
22442,0.315037
22443,0.9529843
22444,0.0031105673
22445,0.014707638
22446,0.016022949
22447,0.06483015
22448,0.3850801
22449,0.54257625
22450,0.552249
22451,0.4192021
22452,0.005963482
22453,0.019459201
22454,0.6917469
22455,0.6223187
22456,0.094447434
22457,0.8167531
22458,0.0048096874
22459,0.25835392
22460,0.36023104
22461,0.021894423
22462,0.008201345
22463,0.544372
22464,0.0016420672
22465,0.6795677
22466,0.27996573
22467,0.0021233321
22468,0.0031672744
22469,0.6969663
22470,0.73513013
22471,0.4458261
22472,0.53928524
22473,0.85869217
22474,0.0012424437
22475,0.0081881955
22476,0.0057358015
22477,0.0016214199
22478,0.026838364
22479,0.014244372
22480,0.016569842
22481,0.94004446
22482,0.012477724
22483,0.05000395
22484,0.5852681
22485,0.45964792
22486,0.2867105
22487,0.107429065
22488,0.10629514
22489,0.7940884
22490,0.22097416
22491,0.42008746
22492,0.47287592
22493,0.101902574
22494,0.008893949
22495,0.007803448
22496,0.42620486
22497,0.81402296
22498,0.66203386
22499,0.01958027
22500,0.23894067
22501,0.004717854
22502,0.71038175
22503,0.033787705
22504,0.9138413
22505,0.005156664
22506,0.63380885
22507,0.14779335
22508,0.6409107
22509,0.68464583
22510,0.000417007
22511,0.038574893
22512,0.52374065
22513,0.0065432503
22514,0.8667759
22515,0.5846933
22516,0.00951749
22517,0.22753112
22518,0.30912212
22519,0.54826933
22520,0.02018236
22521,0.764162
22522,0.91816765
22523,0.861555
22524,0.83717054
22525,0.9531926
22526,0.019601924
22527,0.00479175
22528,0.8776062
22529,0.47921336
22530,0.1823404
22531,0.007818612
22532,0.6934021
22533,0.4568556
22534,0.038816396
22535,0.7564894
22536,0.0017321797
22537,0.8235455
22538,0.5274565
22539,0.800281
22540,0.016369263
22541,0.0020771553
22542,0.628804
22543,0.009770735
22544,0.0014297679
22545,0.0038191683
22546,0.25410533
22547,0.009066197
22548,0.3665681
22549,0.38704655
22550,0.24553108
22551,0.007680803
22552,0.011150657
22553,0.5854749
22554,0.6852883
22555,0.9132194
22556,0.4271726
22557,0.11176454
22558,0.66384274
22559,0.013724491
22560,0.5758335
22561,0.6657605
22562,0.008815847
22563,0.52315235
22564,0.7326303
22565,0.002090084
22566,0.72251207
22567,0.0031696742
22568,0.0067033703
22569,0.8082875
22570,0.0038212223
22571,0.8513105
22572,0.44187543
22573,0.07457238
22574,0.0027613072
22575,0.010096867
22576,0.7569671
22577,0.021712229
22578,0.6825768
22579,0.20695187
22580,0.09686391
22581,0.53544235
22582,0.1935429
22583,0.035348043
22584,0.9043224
22585,0.4147337
22586,0.7878229
22587,0.3853676
22588,0.687694
22589,0.45912492
22590,0.02564608
22591,0.038838755
22592,0.48356944
22593,0.8931743
22594,0.5894077
22595,0.03253266
22596,0.53638077
22597,0.004227112
22598,0.90810037
22599,0.007458121
22600,0.008434712
22601,0.020912465
22602,0.5278853
22603,0.7898313
22604,0.5350822
22605,0.80217
22606,0.27022862
22607,0.82500213
22608,0.002851419
22609,0.7705661
22610,0.042248517
22611,0.65160024
22612,0.5794044
22613,0.04048166
22614,0.8481867
22615,0.007988262
22616,0.6095715
22617,0.3048064
22618,0.0038818647
22619,0.7141453
22620,0.51746535
22621,0.03841491
22622,0.8193998
22623,0.6524761
22624,0.43876648
22625,0.0074664676
22626,0.34800354
22627,0.33784497
22628,0.38215405
22629,0.59572154
22630,0.28315252
22631,0.0060408516
22632,0.73925585
22633,0.7014315
22634,0.012452066
22635,0.82901645
22636,0.21924981
22637,0.7099566
22638,0.3783074
22639,0.45741054
22640,0.056386724
22641,0.63726467
22642,0.019527169
22643,0.008964555
22644,0.504573
22645,0.95608354
22646,0.50852984
22647,0.61172146
22648,0.18908712
22649,0.046681717
22650,0.34736806
22651,0.60578763
22652,0.8392798
22653,0.38311982
22654,0.03173354
22655,0.82086945
22656,0.24727371
22657,0.6339178
22658,0.05617567
22659,0.3534436
22660,0.66299945
22661,0.12519819
22662,0.4722139
22663,0.8428445
22664,0.5305306
22665,0.011515135
22666,0.012275282
22667,0.7614381
22668,0.63301355
22669,0.55296844
22670,0.44695032
22671,0.090152
22672,0.63461196
22673,0.0020708092
22674,0.8886684
22675,0.6350543
22676,0.38872018
22677,0.0023433077
22678,0.0059267045
22679,0.0042936658
22680,0.7890922
22681,0.8232898
22682,0.6857893
22683,0.01615989
22684,0.12644623
22685,0.32165864
22686,0.22533888
22687,0.7158585
22688,0.005612766
22689,0.32026425
22690,0.24633206
22691,0.7629843
22692,0.25070447
22693,0.008414423
22694,0.6926411
22695,0.23558319
22696,0.51223797
22697,0.66631883
22698,0.23366486
22699,0.042673923
22700,0.8635089
22701,0.0023354022
22702,0.015442005
22703,0.7314546
22704,0.05441725
22705,0.10611131
22706,0.72016656
22707,0.26023886
22708,0.70602447
22709,0.03137182
22710,0.3561371
22711,0.6189052
22712,0.003869709
22713,0.027521715
22714,0.7379027
22715,0.7538761
22716,0.6119734
22717,0.25418383
22718,0.010336658
22719,0.0034337516
22720,0.33595297
22721,0.023762507
22722,0.0043216986
22723,0.75499946
22724,0.72628886
22725,0.7636136
22726,0.0033018952
22727,0.8312578
22728,0.0018183258
22729,0.010721689
22730,0.008389114
22731,0.6664626
22732,0.61739916
22733,0.43807346
22734,0.0061121522
22735,0.6336029
22736,0.0023128146
22737,0.80605775
22738,0.92956275
22739,0.74528944
22740,0.27722564
22741,0.9333902
22742,0.013029248
22743,0.035351057
22744,0.006478282
22745,0.05376832
22746,0.31618506
22747,0.8553554
22748,0.0015513566
22749,0.045696042
22750,0.8626432
22751,0.3817541
22752,0.43156618
22753,0.7527254
22754,0.039603233
22755,0.070129015
22756,0.24366798
22757,0.0025500562
22758,0.14925376
22759,0.33953604
22760,0.5183034
22761,0.85669506
22762,0.7827656
22763,0.55000347
22764,0.6386923
22765,0.10855396
22766,0.82317
22767,0.7917796
22768,0.0031206058
22769,0.015815008
22770,0.74794805
22771,0.0030152407
22772,0.040334098
22773,0.0011901913
22774,0.02855874
22775,0.0017263613
22776,0.3967143
22777,0.8491217
22778,0.7408412
22779,0.0044075283
22780,0.71722513
22781,0.8183143
22782,0.004791
22783,0.46730983
22784,0.7612076
22785,0.4713923
22786,0.40750924
22787,0.86597335
22788,0.0036447726
22789,0.83832896
22790,0.8666503
22791,0.49978083
22792,0.0076081967
22793,0.09089016
22794,0.6364776
22795,0.014517663
22796,0.80007035
22797,0.1222367
22798,0.052493077
22799,0.004828387
22800,0.85811895
22801,0.004044398
22802,0.6082399
22803,0.005022409
22804,0.6222267
22805,0.22571772
22806,0.20335919
22807,0.05494775
22808,0.5593753
22809,0.30077812
22810,0.122547545
22811,0.91392297
22812,0.5097109
22813,0.5814423
22814,0.58477384
22815,0.6383339
22816,0.1573157
22817,0.563451
22818,0.00049140153
22819,0.484204
22820,0.75867283
22821,0.64442325
22822,0.005651049
22823,0.41682655
22824,0.71545064
22825,0.09442716
22826,0.8832327
22827,0.013096912
22828,0.34912363
22829,0.48550558
22830,0.010549445
22831,0.32815006
22832,0.7990259
22833,0.00900729
22834,0.009218686
22835,0.006720333
22836,0.0013303454
22837,0.75661016
22838,0.8699759
22839,0.007907264
22840,0.5333239
22841,0.02004056
22842,0.6846567
22843,0.8074679
22844,0.003816447
22845,0.43778047
22846,0.73737663
22847,0.72069126
22848,0.777265
22849,0.011038985
22850,0.046051834
22851,0.6854194
22852,0.6875364
22853,0.64043146
22854,0.022826891
22855,0.0023205846
22856,0.0049476875
22857,0.006862601
22858,0.9245284
22859,0.006816051
22860,0.87601787
22861,0.54250956
22862,0.91503674
22863,0.5169993
22864,0.31244603
22865,0.7240872
22866,0.6116517
22867,0.006176929
22868,0.86272365
22869,0.06277645
22870,0.0015530136
22871,0.5520143
22872,0.836316
22873,0.002537703
22874,0.7918662
22875,0.66556394
22876,0.7840303
22877,0.8577851
22878,0.04580335
22879,0.9123806
22880,0.0071487734
22881,0.008783653
22882,0.0075841187
22883,0.76244396
22884,0.006084497
22885,0.0026449515
22886,0.008307713
22887,0.017706135
22888,0.001269961
22889,0.75599957
22890,0.03149682
22891,0.006028257
22892,0.34419197
22893,0.72927976
22894,0.23712802
22895,0.6867511
22896,0.5154195
22897,0.49822125
22898,0.61737335
22899,0.75517434
22900,0.004275182
22901,0.8482389
22902,0.27716517
22903,0.8793997
22904,0.002583394
22905,0.032692492
22906,0.7057641
22907,0.8348674
22908,0.5456494
22909,0.6461511
22910,0.62870324
22911,0.8193343
22912,0.008102688
22913,0.002568616
22914,0.0042877444
22915,0.88251156
22916,0.011619276
22917,0.03328839
22918,0.1771932
22919,0.60042953
22920,0.36814398
22921,0.005670346
22922,0.8905673
22923,0.95972013
22924,0.0866288
22925,0.3925662
22926,0.02726577
22927,0.3935621
22928,0.14330156
22929,0.044955663
22930,0.020423794
22931,0.0681953
22932,0.468466
22933,0.7851625
22934,0.9225103
22935,0.007336128
22936,0.8527118
22937,0.769707
22938,0.0086134905
22939,0.09402544
22940,0.43587288
22941,0.008100715
22942,0.9127072
22943,0.12863502
22944,0.019280847
22945,0.63634837
22946,0.01429024
22947,0.6548954
22948,0.0024626416
22949,0.44304866
22950,0.12999506
22951,0.5163221
22952,0.8358678
22953,0.65502745
22954,0.5946635
22955,0.0052858912
22956,0.0275527
22957,0.0030146954
22958,0.04046923
22959,0.112719715
22960,0.81145686
22961,0.7572192
22962,0.7746297
22963,0.61425036
22964,0.9283777
22965,0.030114984
22966,0.11622695
22967,0.44494683
22968,0.6788305
22969,0.0021026472
22970,0.87972647
22971,0.006635706
22972,0.089195974
22973,0.3512566
22974,0.20404723
22975,0.11166525
22976,0.078157365
22977,0.8094015
22978,0.16266842
22979,0.35464156
22980,0.02165206
22981,0.6285655
22982,0.17962882
22983,0.0031761269
22984,0.0025510837
22985,0.66841424
22986,0.69757473
22987,0.27595827
22988,0.5490593
22989,0.5142729
22990,0.902583
22991,0.0066122585
22992,0.46502188
22993,0.50857335
22994,0.6150934
22995,0.0030129598
22996,0.8401614
22997,0.002852013
22998,0.72970337
22999,0.4959129
23000,0.57170475
23001,0.047518395
23002,0.5852139
23003,0.0058650416
23004,0.2436465
23005,0.01823198
23006,0.0052545527
23007,0.3752191
23008,0.4856955
23009,0.66652936
23010,0.22216454
23011,0.73255515
23012,0.8094212
23013,0.40612218
23014,0.63937575
23015,0.6410634
23016,0.69172126
23017,0.5046533
23018,0.70099336
23019,0.7243356
23020,0.048528068
23021,0.002537956
23022,0.6866492
23023,0.5688204
23024,0.019721745
23025,0.44842094
23026,0.0048290165
23027,0.015619092
23028,0.4905118
23029,0.5152486
23030,0.0035539106
23031,0.77193004
23032,0.5008127
23033,0.026988592
23034,0.9550776
23035,0.922234
23036,0.0026889218
23037,0.37254125
23038,0.38532278
23039,0.0045817033
23040,0.006290416
23041,0.018090611
23042,0.61868024
23043,0.0033359858
23044,0.0012575453
23045,0.006173163
23046,0.2957659
23047,0.7727063
23048,0.23827673
23049,0.43187857
23050,0.6421464
23051,0.7031822
23052,0.5895734
23053,0.62542146
23054,0.71356493
23055,0.8174491
23056,0.81794184
23057,0.8940335
23058,0.5153296
23059,0.016794786
23060,0.30857074
23061,0.007068626
23062,0.010651939
23063,0.66014934
23064,0.50096583
23065,0.5935809
23066,0.6934676
23067,0.35430202
23068,0.6467739
23069,0.78323835
23070,0.020746304
23071,0.5138857
23072,0.027696203
23073,0.42562652
23074,0.7822638
23075,0.66827303
23076,0.7562286
23077,0.83509195
23078,0.38690466
23079,0.012915815
23080,0.003090113
23081,0.89558697
23082,0.45304698
23083,0.572804
23084,0.19443075
23085,0.6022518
23086,0.47861624
23087,0.41353083
23088,0.052662544
23089,0.53388745
23090,0.36773115
23091,0.59254867
23092,0.69136447
23093,0.0037972168
23094,0.031571638
23095,0.014429257
23096,0.9260337
23097,0.6242583
23098,0.7451056
23099,0.048437964
23100,0.43234807
23101,0.09356725
23102,0.75735515
23103,0.62507886
23104,0.7225714
23105,0.0032144182
23106,0.6185918
23107,0.074134514
23108,0.6449543
23109,0.8566624
23110,0.0061806454
23111,0.6870159
23112,0.41149187
23113,0.0077388664
23114,0.3317682
23115,0.52706134
23116,0.0017018887
23117,0.74223566
23118,0.84644556
23119,0.121872015
23120,0.3996293
23121,0.9242634
23122,0.25713563
23123,0.0026928328
23124,0.59802586
23125,0.41422677
23126,0.0037448062
23127,0.31645218
23128,0.7896977
23129,0.00043329597
23130,0.163143
23131,0.6254604
23132,0.37383315
23133,0.34602976
23134,0.0024368637
23135,0.0019364468
23136,0.33064
23137,0.7228249
23138,0.8994698
23139,0.06796491
23140,0.5311167
23141,0.70916706
23142,0.0015894151
23143,0.80885
23144,0.627424
23145,0.10553944
23146,0.9068058
23147,0.81433076
23148,0.0050083715
23149,0.26460892
23150,0.0014838674
23151,0.8305032
23152,0.00222254
23153,0.8808413
23154,0.666239
23155,0.0016519225
23156,0.6708864
23157,0.0030391286
23158,0.8800794
23159,0.84690255
23160,0.3249254
23161,0.8336531
23162,0.005727563
23163,0.018733256
23164,0.7399268
23165,0.8936215
23166,0.022552656
23167,0.688039
23168,0.43044305
23169,0.5535836
23170,0.13724993
23171,0.34749138
23172,0.1599195
23173,0.31470308
23174,0.31056786
23175,0.0029381227
23176,0.028485922
23177,0.49091604
23178,0.20296139
23179,0.72700816
23180,0.5704713
23181,0.6992703
23182,0.0028722498
23183,0.0030577031
23184,0.14524472
23185,0.07359463
23186,0.09640964
23187,0.001577449
23188,0.92170304
23189,0.022242099
23190,0.3757267
23191,0.005945795
23192,0.0017475603
23193,0.019234832
23194,0.33375204
23195,0.60751975
23196,0.7167013
23197,0.43913117
23198,0.78359944
23199,0.76617306
23200,0.3450317
23201,0.021135136
23202,0.56651545
23203,0.79207414
23204,0.49261338
23205,0.04714768
23206,0.5838361
23207,0.11308566
23208,0.50909597
23209,0.28026006
23210,0.89633256
23211,0.59378695
23212,0.7165755
23213,0.02343807
23214,0.011178824
23215,0.0013733082
23216,0.9510104
23217,0.6887833
23218,0.061800443
23219,0.8570703
23220,0.0080947755
23221,0.59510225
23222,0.010704894
23223,0.03215906
23224,0.78951126
23225,0.017651264
23226,0.55196714
23227,0.028354894
23228,0.2708487
23229,0.87669283
23230,0.3989894
23231,0.013572748
23232,0.013653434
23233,0.011869101
23234,0.007953536
23235,0.03169359
23236,0.005895816
23237,0.62432396
23238,0.69813114
23239,0.08238881
23240,0.011437432
23241,0.025081003
23242,0.0028973094
23243,0.0006899338
23244,0.2565925
23245,0.1565786
23246,0.7579279
23247,0.53434885
23248,0.5820042
23249,0.7517001
23250,0.81396973
23251,0.005258522
23252,0.66777056
23253,0.020484425
23254,0.8419524
23255,0.91626674
23256,0.043262716
23257,0.003096633
23258,0.95460504
23259,0.07472377
23260,0.9051208
23261,0.8468088
23262,0.570089
23263,0.75229883
23264,0.4756277
23265,0.4737857
23266,0.0016006709
23267,0.67932445
23268,0.35611215
23269,0.72450095
23270,0.0068702195
23271,0.62680584
23272,0.035531208
23273,0.8061224
23274,0.7274518
23275,0.7563815
23276,0.012792532
23277,0.013414212
23278,0.016100882
23279,0.87506163
23280,0.004259275
23281,0.25544366
23282,0.8237509
23283,0.13813587
23284,0.0035100398
23285,0.55873704
23286,0.49082637
23287,0.36221796
23288,0.79019
23289,0.0028346118
23290,0.026542298
23291,0.8383857
23292,0.752302
23293,0.8616931
23294,0.019531703
23295,0.004894838
23296,0.8798178
23297,0.6856423
23298,0.86746985
23299,0.6427796
23300,0.0043541924
23301,0.41530624
23302,0.9711859
23303,0.0030441892
23304,0.61099476
23305,0.026185472
23306,0.045756638
23307,0.019047007
23308,0.5460705
23309,0.7394842
23310,0.0154008325
23311,0.0048981197
23312,0.56238616
23313,0.7930683
23314,0.84592116
23315,0.039946284
23316,0.061453827
23317,0.006031577
23318,0.012937709
23319,0.0015035429
23320,0.024658414
23321,0.26524147
23322,0.00816285
23323,0.009022583
23324,0.12749924
23325,0.0063096695
23326,0.024811057
23327,0.5219705
23328,0.008400847
23329,0.008296012
23330,0.89457476
23331,0.49392113
23332,0.78906924
23333,0.8161785
23334,0.025611414
23335,0.52153873
23336,0.007964557
23337,0.7743497
23338,0.023700722
23339,0.08674272
23340,0.0028178906
23341,0.031664502
23342,0.0016008564
23343,0.0022994769
23344,0.3704697
23345,0.822396
23346,0.009875081
23347,0.018500272
23348,0.4359811
23349,0.001897103
23350,0.6228919
23351,0.91259646
23352,0.7323948
23353,0.61097413
23354,0.00065809337
23355,0.0073639317
23356,0.64131933
23357,0.0033388815
23358,0.7827709
23359,0.002579912
23360,0.7232204
23361,0.6705965
23362,0.829365
23363,0.010557616
23364,0.0020533684
23365,0.008539845
23366,0.53064656
23367,0.6799753
23368,0.034428667
23369,0.68945205
23370,0.711486
23371,0.10742499
23372,0.36686355
23373,0.009274575
23374,0.3497945
23375,0.6917909
23376,0.57104737
23377,0.046421077
23378,0.002845986
23379,0.5877033
23380,0.004608005
23381,0.5659322
23382,0.85742176
23383,0.34069988
23384,0.8141773
23385,0.8427815
23386,0.31783646
23387,0.006452151
23388,0.80793136
23389,0.757134
23390,0.026731227
23391,0.01199292
23392,0.2684805
23393,0.03765085
23394,0.0033281147
23395,0.029056434
23396,0.27447724
23397,0.010818567
23398,0.0030894612
23399,0.78800446
23400,0.008132623
23401,0.6042606
23402,0.73544955
23403,0.6334808
23404,0.7116725
23405,0.0052998266
23406,0.02915014
23407,0.0026242572
23408,0.14845704
23409,0.013203455
23410,0.8913586
23411,0.8787054
23412,0.702034
23413,0.10021347
23414,0.0031274948
23415,0.0073004453
23416,0.009328141
23417,0.8218609
23418,0.058808275
23419,0.008652009
23420,0.0025563026
23421,0.7788588
23422,0.65623903
23423,0.57253253
23424,0.01045498
23425,0.011500786
23426,0.5145215
23427,0.008149994
23428,0.17062628
23429,0.00089792773
23430,0.59079206
23431,0.7061644
23432,0.8272733
23433,0.03520603
23434,0.005092106
23435,0.43377617
23436,0.53918666
23437,0.83050025
23438,0.94741505
23439,0.0039273417
23440,0.034515966
23441,0.7708069
23442,0.08974739
23443,0.3399325
23444,0.11703729
23445,0.0022684739
23446,0.2550942
23447,0.4553695
23448,0.81636256
23449,0.0060142176
23450,0.84854674
23451,0.038837988
23452,0.0060056727
23453,0.8625946
23454,0.85739446
23455,0.77827793
23456,0.025845207
23457,0.7897017
23458,0.8692891
23459,0.0033813287
23460,0.15135607
23461,0.0057792193
23462,0.009826907
23463,0.89454544
23464,0.76504797
23465,0.0021754978
23466,0.0024888904
23467,0.3419491
23468,0.4848545
23469,0.47910446
23470,0.7482474
23471,0.74320966
23472,0.93111765
23473,0.8618081
23474,0.0011718265
23475,0.022884123
23476,0.003077083
23477,0.048227593
23478,0.61827344
23479,0.0015061449
23480,0.36248064
23481,0.861975
23482,0.71970826
23483,0.8580349
23484,0.049866762
23485,0.56805444
23486,0.29485747
23487,0.023370203
23488,0.0052486816
23489,0.003389984
23490,0.4886532
23491,0.21935618
23492,0.14005417
23493,0.55738044
23494,0.932712
23495,0.020457126
23496,0.00919544
23497,0.30313233
23498,0.010660717
23499,0.0016639349
23500,0.9039348
23501,0.0034900988
23502,0.6750207
23503,0.0063977884
23504,0.07314263
23505,0.0020159907
23506,0.33760124
23507,0.7057214
23508,0.9244016
23509,0.3996037
23510,0.03742708
23511,0.010600603
23512,0.0018270471
23513,0.56568503
23514,0.007746547
23515,0.60488194
23516,0.43794578
23517,0.011922949
23518,0.014635881
23519,0.38664535
23520,0.004186477
23521,0.049233098
23522,0.022737484
23523,0.9085398
23524,0.079610206
23525,0.0038243139
23526,0.639693
23527,0.52351063
23528,0.017771894
23529,0.18588318
23530,0.58000505
23531,0.27776048
23532,0.2467379
23533,0.0067788092
23534,0.2763574
23535,0.17864706
23536,0.010890126
23537,0.3196845
23538,0.4926559
23539,0.0791957
23540,0.6343162
23541,0.013786851
23542,0.04001603
23543,0.56498045
23544,0.07846104
23545,0.38851973
23546,0.72470695
23547,0.6986163
23548,0.0013633663
23549,0.014498331
23550,0.47045916
23551,0.6625523
23552,0.9171502
23553,0.42547876
23554,0.6877973
23555,0.068676665
23556,0.0858166
23557,0.5061277
23558,0.9648684
23559,0.01098649
23560,0.005418638
23561,0.805455
23562,0.6430145
23563,0.658435
23564,0.30534372
23565,0.52721745
23566,0.061478388
23567,0.8573571
23568,0.50520676
23569,0.82827485
23570,0.7408485
23571,0.03647299
23572,0.48895347
23573,0.49008024
23574,0.009926854
23575,0.78582144
23576,0.80470634
23577,0.78949946
23578,0.38290864
23579,0.9471362
23580,0.6694754
23581,0.57107425
23582,0.79179937
23583,0.01922619
23584,0.78616446
23585,0.46193364
23586,0.29648834
23587,0.13097869
23588,0.7819778
23589,0.0050271987
23590,0.0021693215
23591,0.82898885
23592,0.006832372
23593,0.008224514
23594,0.10701932
23595,0.85623217
23596,0.7326954
23597,0.6730318
23598,0.021103974
23599,0.6494665
23600,0.0058627715
23601,0.10119477
23602,0.68451643
23603,0.7919706
23604,0.54217875
23605,0.29732066
23606,0.0041263914
23607,0.67570883
23608,0.052993458
23609,0.009692608
23610,0.33224943
23611,0.0147675425
23612,0.8637491
23613,0.1928679
23614,0.037586436
23615,0.55617267
23616,0.8608301
23617,0.002639138
23618,0.00083904795
23619,0.82013696
23620,0.67011875
23621,0.9653164
23622,0.4422906
23623,0.67011756
23624,0.42640334
23625,0.0032280558
23626,0.7904444
23627,0.007219573
23628,0.007344469
23629,0.8299137
23630,0.0044308403
23631,0.6109697
23632,0.08384126
23633,0.011057709
23634,0.0041871
23635,0.043553464
23636,0.37651297
23637,0.42380592
23638,0.8339352
23639,0.6792631
23640,0.466201
23641,0.5952528
23642,0.0052578766
23643,0.11520374
23644,0.78925383
23645,0.0461006
23646,0.009844886
23647,0.04070174
23648,0.76466656
23649,0.8026485
23650,0.010568186
23651,0.6642232
23652,0.016354559
23653,0.715751
23654,0.36986864
23655,0.36098585
23656,0.7599197
23657,0.5612616
23658,0.7827904
23659,0.012363697
23660,0.37281394
23661,0.58057487
23662,0.015618262
23663,0.0020375797
23664,0.0025196543
23665,0.19657375
23666,0.6895525
23667,0.18825878
23668,0.48982668
23669,0.6239566
23670,0.5167744
23671,0.84282225
23672,0.009802809
23673,0.17878155
23674,0.003836751
23675,0.9413757
23676,0.58859533
23677,0.64692956
23678,0.06903792
23679,0.22986896
23680,0.015355228
23681,0.005187561
23682,0.0039276723
23683,0.009797371
23684,0.79398876
23685,0.03611108
23686,0.6998876
23687,0.8341528
23688,0.6418368
23689,0.41609135
23690,0.73251545
23691,0.017739825
23692,0.015112641
23693,0.001219156
23694,0.8040887
23695,0.8648313
23696,0.67085445
23697,0.8433712
23698,0.0046135643
23699,0.009630378
23700,0.10140621
23701,0.3883612
23702,0.10751942
23703,0.0024655543
23704,0.12238647
23705,0.040926106
23706,0.0026329954
23707,0.47710335
23708,0.8716214
23709,0.004618125
23710,0.004180373
23711,0.002332562
23712,0.66544044
23713,0.8215921
23714,0.5701558
23715,0.018449105
23716,0.0063744183
23717,0.008408231
23718,0.0042292885
23719,0.52194
23720,0.034242816
23721,0.012128416
23722,0.0042047556
23723,0.02349142
23724,0.0031925715
23725,0.69198555
23726,0.5666421
23727,0.036512934
23728,0.006833122
23729,0.71062225
23730,0.35027406
23731,0.89439386
23732,0.83783823
23733,0.70296025
23734,0.7728795
23735,0.00036618958
23736,0.085742906
23737,0.8638304
23738,0.004806857
23739,0.054122437
23740,0.81765884
23741,0.0073255165
23742,0.011072933
23743,0.007181297
23744,0.1612805
23745,0.032511454
23746,0.0025720599
23747,0.8113725
23748,0.3142541
23749,0.42246768
23750,0.67505676
23751,0.9332836
23752,0.26577362
23753,0.56885827
23754,0.0069018803
23755,0.0014525303
23756,0.0077099944
23757,0.5515929
23758,0.031702045
23759,0.68293357
23760,0.007152811
23761,0.020198312
23762,0.0019561243
23763,0.475899
23764,0.36236593
23765,0.038243826
23766,0.89331913
23767,0.23883191
23768,0.13950878
23769,0.5972327
23770,0.0015603857
23771,0.37533277
23772,0.5430384
23773,0.007150596
23774,0.815924
23775,0.020728124
23776,0.010746513
23777,0.6309859
23778,0.14817925
23779,0.20603676
23780,0.7821566
23781,0.57289284
23782,0.8590982
23783,0.68032247
23784,0.018258234
23785,0.0743231
23786,0.57434845
23787,0.75123096
23788,0.42917335
23789,0.05617944
23790,0.6028382
23791,0.56523335
23792,0.38186678
23793,0.31004515
23794,0.69949853
23795,0.0054687653
23796,0.74966544
23797,0.48186028
23798,0.8037751
23799,0.0025881582
23800,0.518178
23801,0.8289804
23802,0.0038904313
23803,0.0047455635
23804,0.8464848
23805,0.0054301866
23806,0.6256686
23807,0.5530744
23808,0.28155285
23809,0.46623936
23810,0.015241423
23811,0.0039564436
23812,0.17128927
23813,0.17508174
23814,0.0019319105
23815,0.4532291
23816,0.08894664
23817,0.10932006
23818,0.034179173
23819,0.009738639
23820,0.39270544
23821,0.68140143
23822,0.6947361
23823,0.022885751
23824,0.750577
23825,0.004768463
23826,0.86002696
23827,0.0015774011
23828,0.59510815
23829,0.0024844704
23830,0.22587661
23831,0.07727586
23832,0.7672392
23833,0.82860905
23834,0.74268746
23835,0.41513622
23836,0.020575874
23837,0.8895677
23838,0.018441757
23839,0.108122684
23840,0.5705207
23841,0.003427101
23842,0.592393
23843,0.7330698
23844,0.7571636
23845,0.028399477
23846,0.59830636
23847,0.004590966
23848,0.91883475
23849,0.6632912
23850,0.6414342
23851,0.021896055
23852,0.0038910299
23853,0.42786363
23854,0.0028261323
23855,0.4448939
23856,0.25543857
23857,0.002815098
23858,0.1693755
23859,0.019031122
23860,0.5996362
23861,0.7040151
23862,0.883316
23863,0.033205424
23864,0.82669044
23865,0.43490598
23866,0.004019057
23867,0.95402086
23868,0.8013923
23869,0.69237393
23870,0.0013951034
23871,0.014508089
23872,0.18322425
23873,0.0031505122
23874,0.002759816
23875,0.017968616
23876,0.76995885
23877,0.8367037
23878,0.0017178577
23879,0.4254425
23880,0.7656031
23881,0.013649322
23882,0.0032147525
23883,0.0016494135
23884,0.82031274
23885,0.64601284
23886,0.47867817
23887,0.0064540436
23888,0.018913303
23889,0.51626253
23890,0.6738355
23891,0.03644003
23892,0.0050055333
23893,0.006711813
23894,0.51055145
23895,0.5183633
23896,0.06022062
23897,0.69916874
23898,0.51248014
23899,0.011344213
23900,0.01870981
23901,0.42795777
23902,0.7692753
23903,0.011105412
23904,0.0047397483
23905,0.52028596
23906,0.0006116689
23907,0.43318224
23908,0.0040553743
23909,0.009625614
23910,0.60533303
23911,0.89651465
23912,0.812758
23913,0.005548113
23914,0.058420666
23915,0.011444654
23916,0.020429105
23917,0.5953358
23918,0.3395156
23919,0.0031742542
23920,0.5502836
23921,0.7595114
23922,0.004580611
23923,0.7932782
23924,0.35838538
23925,0.7822106
23926,0.43969202
23927,0.2739738
23928,0.40687093
23929,0.004211199
23930,0.34250602
23931,0.016153106
23932,0.0054030097
23933,0.3401824
23934,0.7782324
23935,0.5101014
23936,0.083488785
23937,0.0037869192
23938,0.124942794
23939,0.012282561
23940,0.014562059
23941,0.0060932133
23942,0.1610259
23943,0.011024069
23944,0.013820217
23945,0.002782958
23946,0.12793392
23947,0.44193986
23948,0.13279907
23949,0.525183
23950,0.8472773
23951,0.23313467
23952,0.20422304
23953,0.39282987
23954,0.0037688015
23955,0.92177176
23956,0.7679698
23957,0.0025390112
23958,0.62029004
23959,0.12575892
23960,0.3744553
23961,0.56045026
23962,0.7795253
23963,0.7885958
23964,0.12462983
23965,0.039276768
23966,0.0071694967
23967,0.14669587
23968,0.27436295
23969,0.749663
23970,0.0038283917
23971,0.012442821
23972,0.82684565
23973,0.0042645396
23974,0.6895704
23975,0.0034581623
23976,0.6706667
23977,0.6224317
23978,0.77158016
23979,0.42797554
23980,0.6473005
23981,0.6769429
23982,0.8400651
23983,0.902699
23984,0.71523225
23985,0.083796635
23986,0.14750466
23987,0.56393784
23988,0.0035339731
23989,0.0025509286
23990,0.69932294
23991,0.01926637
23992,0.8048868
23993,0.008720281
23994,0.56492275
23995,0.7155341
23996,0.61838293
23997,0.008728324
23998,0.5390286
23999,0.7892295
24000,0.55373484
24001,0.05484537
24002,0.050930176
24003,0.018610435
24004,0.027357029
24005,0.77707845
24006,0.0129642105
24007,0.6505997
24008,0.02208177
24009,0.27409104
24010,0.6305984
24011,0.23275706
24012,0.4053633
24013,0.033589423
24014,0.83615535
24015,0.016320823
24016,0.0015753862
24017,0.90494853
24018,0.115637235
24019,0.4074881
24020,0.0068172477
24021,0.0031468547
24022,0.05587721
24023,0.46365577
24024,0.664693
24025,0.001890223
24026,0.8594404
24027,0.0032031636
24028,0.5892901
24029,0.54535794
24030,0.3305326
24031,0.8270224
24032,0.9628496
24033,0.011116464
24034,0.814271
24035,0.6349304
24036,0.004533622
24037,0.09234777
24038,0.08423893
24039,0.01437379
24040,0.550042
24041,0.91343796
24042,0.23983547
24043,0.06396418
24044,0.76612544
24045,0.5617649
24046,0.65271866
24047,0.14951798
24048,0.8563525
24049,0.7391192
24050,0.009080721
24051,0.029493058
24052,0.8183073
24053,0.0027889693
24054,0.7194739
24055,0.49996218
24056,0.81916547
24057,0.6705792
24058,0.10685482
24059,0.3151938
24060,0.77936417
24061,0.8014749
24062,0.0009749202
24063,0.85798156
24064,0.0011287618
24065,0.6108846
24066,0.02755107
24067,0.5861785
24068,0.695924
24069,0.8074734
24070,0.5948717
24071,0.39849392
24072,0.0018011901
24073,0.00037113836
24074,0.7221509
24075,0.38689452
24076,0.8813035
24077,0.035324886
24078,0.01564925
24079,0.6020276
24080,0.81317216
24081,0.42848304
24082,0.65194726
24083,0.71088254
24084,0.7575437
24085,0.006972857
24086,0.015147999
24087,0.40702412
24088,0.6785789
24089,0.020146
24090,0.59309334
24091,0.10015626
24092,0.0067213997
24093,0.0113793425
24094,0.79666877
24095,0.0021251475
24096,0.47736546
24097,0.3728204
24098,0.50332505
24099,0.017666826
24100,0.008676283
24101,0.6330067
24102,0.0022556104
24103,0.5631879
24104,0.775075
24105,0.008809194
24106,0.37100902
24107,0.6301981
24108,0.40544927
24109,0.8917346
24110,0.5562194
24111,0.05400697
24112,0.002211086
24113,0.001382407
24114,0.0037401104
24115,0.0045271195
24116,0.8471043
24117,0.6158525
24118,0.6930153
24119,0.08492798
24120,0.6270011
24121,0.7185017
24122,0.0030331938
24123,0.69564515
24124,0.017455956
24125,0.0108973775
24126,0.44868007
24127,0.80384225
24128,0.14508547
24129,0.68944633
24130,0.7574166
24131,0.6531503
24132,0.025499532
24133,0.73948187
24134,0.7637025
24135,0.36861333
24136,0.0063242516
24137,0.002120479
24138,0.8237012
24139,0.6641203
24140,0.1453052
24141,0.5027386
24142,0.591697
24143,0.00051978405
24144,0.6038187
24145,0.2815963
24146,0.026621453
24147,0.0022911986
24148,0.006739102
24149,0.54209465
24150,0.011449051
24151,0.00051443663
24152,0.93287534
24153,0.934116
24154,0.7551922
24155,0.0066857557
24156,0.66416043
24157,0.29393554
24158,0.9084573
24159,0.21661972
24160,0.1350518
24161,0.4602585
24162,0.72472084
24163,0.31298587
24164,0.0030161762
24165,0.71827555
24166,0.3377488
24167,0.51627094
24168,0.0032468576
24169,0.50327235
24170,0.000991117
24171,0.72473544
24172,0.496748
24173,0.46198753
24174,0.5087694
24175,0.0162572
24176,0.008417553
24177,0.0038592578
24178,0.7561398
24179,0.65660495
24180,0.2737911
24181,0.007942156
24182,0.7154313
24183,0.11499912
24184,0.02858173
24185,0.17853317
24186,0.41226566
24187,0.46241245
24188,0.017012486
24189,0.0063015665
24190,0.0026294056
24191,0.63306296
24192,0.2945605
24193,0.4439469
24194,0.70930845
24195,0.85927653
24196,0.44067255
24197,0.097224854
24198,0.6788969
24199,0.012335424
24200,0.7809074
24201,0.103359625
24202,0.45580414
24203,0.5991304
24204,0.0013013689
24205,0.6418548
24206,0.69147027
24207,0.5347743
24208,0.37638733
24209,0.33896688
24210,0.65424603
24211,0.019704934
24212,0.39537153
24213,0.61678326
24214,0.40876117
24215,0.5936309
24216,0.6021239
24217,0.8223759
24218,0.49521765
24219,0.6802033
24220,0.71188515
24221,0.07560476
24222,0.4648167
24223,0.0139707485
24224,0.10096889
24225,0.94147044
24226,0.89826614
24227,0.79041195
24228,0.60449314
24229,0.0046812994
24230,0.00288954
24231,0.078569815
24232,0.48977587
24233,0.2851576
24234,0.013765375
24235,0.49345046
24236,0.0043451893
24237,0.7285847
24238,0.66133815
24239,0.0019415312
24240,0.6616956
24241,0.7966912
24242,0.004202485
24243,0.7382168
24244,0.020294568
24245,0.3875217
24246,0.53573644
24247,0.037615642
24248,0.0019037323
24249,0.82193965
24250,0.0048206546
24251,0.26487467
24252,0.8401273
24253,0.7430607
24254,0.42321798
24255,0.006971793
24256,0.7379705
24257,0.10103838
24258,0.7195092
24259,0.009847544
24260,0.3639124
24261,0.002487554
24262,0.72736853
24263,0.0037664566
24264,0.8248587
24265,0.0016071595
24266,0.34498298
24267,0.020243015
24268,0.011003916
24269,0.20777762
24270,0.31340525
24271,0.005557979
24272,0.80042315
24273,0.81094503
24274,0.7957488
24275,0.43126518
24276,0.55440044
24277,0.35392323
24278,0.9153129
24279,0.2616201
24280,0.009323097
24281,0.8255231
24282,0.8857594
24283,0.01175469
24284,0.5534819
24285,0.0063761226
24286,0.0462062
24287,0.048250865
24288,0.036699437
24289,0.25937074
24290,0.007172551
24291,0.37730104
24292,0.00534046
24293,0.541557
24294,0.5604973
24295,0.62982404
24296,0.06067126
24297,0.7820539
24298,0.7374648
24299,0.8346283
24300,0.82951224
24301,0.35225105
24302,0.7087054
24303,0.7772523
24304,0.7447604
24305,0.8451868
24306,0.5398253
24307,0.48757774
24308,0.7345187
24309,0.650202
24310,0.7388666
24311,0.869199
24312,0.9207095
24313,0.4377634
24314,0.9233904
24315,0.0050179567
24316,0.66850924
24317,0.005337356
24318,0.45747253
24319,0.19457103
24320,0.38997293
24321,0.68838656
24322,0.4073168
24323,0.70971024
24324,0.57121223
24325,0.77705616
24326,0.78099793
24327,0.31189153
24328,0.014268215
24329,0.35219333
24330,0.74668866
24331,0.67791766
24332,0.002778681
24333,0.009021473
24334,0.8176198
24335,0.34377205
24336,0.044972487
24337,0.7808403
24338,0.7532915
24339,0.5858292
24340,0.33122253
24341,0.8507852
24342,0.61156696
24343,0.24574766
24344,0.79734933
24345,0.06641818
24346,0.83634126
24347,0.0028807423
24348,0.6968089
24349,0.65276057
24350,0.0013960444
24351,0.0013416383
24352,0.8104258
24353,0.7588958
24354,0.059134945
24355,0.0106924875
24356,0.8268116
24357,0.05594094
24358,0.80416113
24359,0.0030845976
24360,0.2502738
24361,0.0023873455
24362,0.0077144206
24363,0.07900786
24364,0.0025933
24365,0.75401205
24366,0.7611343
24367,0.6506632
24368,0.0021279042
24369,0.7134617
24370,0.62204826
24371,0.0068608853
24372,0.50411505
24373,0.0020039147
24374,0.74795395
24375,0.57766706
24376,0.7569967
24377,0.36675978
24378,0.013406472
24379,0.32933304
24380,0.50286525
24381,0.25108084
24382,0.11442645
24383,0.0039791767
24384,0.5891195
24385,0.28142583
24386,0.624536
24387,0.0062568164
24388,0.57129246
24389,0.010739241
24390,0.20238966
24391,0.61640394
24392,0.0060851267
24393,0.027662776
24394,0.003873304
24395,0.31243914
24396,0.8788673
24397,0.041226257
24398,0.30235612
24399,0.5400863
24400,0.052097864
24401,0.6890716
24402,0.26402414
24403,0.13722649
24404,0.038122717
24405,0.235671
24406,0.0036801791
24407,0.39313325
24408,0.84801114
24409,0.7311554
24410,0.5335285
24411,0.024424007
24412,0.21841729
24413,0.45576286
24414,0.0045433934
24415,0.7736888
24416,0.05174942
24417,0.0018747722
24418,0.37293
24419,0.021281049
24420,0.68450034
24421,0.30784166
24422,0.002692098
24423,0.53034663
24424,0.8044698
24425,0.8546011
24426,0.34285784
24427,0.52407855
24428,0.01560222
24429,0.008012627
24430,0.6012757
24431,0.007792567
24432,0.84719974
24433,0.8034591
24434,0.1532008
24435,0.004092787
24436,0.012094253
24437,0.46483552
24438,0.015393503
24439,0.04161717
24440,0.62652254
24441,0.04654195
24442,0.3045596
24443,0.0025607792
24444,0.65804416
24445,0.0055815494
24446,0.6338687
24447,0.93067074
24448,0.49782532
24449,0.007082662
24450,0.17215489
24451,0.4500552
24452,0.06676973
24453,0.16457523
24454,0.48721159
24455,0.31335703
24456,0.84595066
24457,0.006393372
24458,0.44058335
24459,0.7831784
24460,0.67227703
24461,0.008556345
24462,0.6380458
24463,0.6453679
24464,0.8558051
24465,0.6145888
24466,0.7190801
24467,0.48088738
24468,0.5680849
24469,0.0026304652
24470,0.6750186
24471,0.7091552
24472,0.43188846
24473,0.021960974
24474,0.87782043
24475,0.011729374
24476,0.8957486
24477,0.59506977
24478,0.49164242
24479,0.38472402
24480,0.0037742537
24481,0.0059995363
24482,0.05407999
24483,0.83132446
24484,0.11558121
24485,0.003617921
24486,0.0012081623
24487,0.06752409
24488,0.015036199
24489,0.0030404096
24490,0.0033168995
24491,0.0223343
24492,0.005955978
24493,0.55427104
24494,0.21234734
24495,0.2851535
24496,0.23620649
24497,0.80751604
24498,0.84099346
24499,0.015601794
24500,0.045498855
24501,0.02018512
24502,0.35419685
24503,0.8020806
24504,0.24212836
24505,0.8279347
24506,0.0026923025
24507,0.007958586
24508,0.0058367476
24509,0.0009350113
24510,0.8501211
24511,0.0021757844
24512,0.036472414
24513,0.004284161
24514,0.7664572
24515,0.59563243
24516,0.014753708
24517,0.33563662
24518,0.54059607
24519,0.9070451
24520,0.8105855
24521,0.6371686
24522,0.0018705621
24523,0.006016054
24524,0.68101984
24525,0.22340848
24526,0.3339738
24527,0.37484804
24528,0.6057479
24529,0.107663386
24530,0.5121234
24531,0.76779395
24532,0.8371093
24533,0.0072595407
24534,0.003895137
24535,0.72694004
24536,0.45787677
24537,0.91115457
24538,0.25557682
24539,0.02286852
24540,0.5857437
24541,0.55021644
24542,0.41942212
24543,0.5605544
24544,0.43485686
24545,0.92018634
24546,0.5041641
24547,0.75610065
24548,0.22282226
24549,0.107198246
24550,0.014014544
24551,0.66221637
24552,0.4561338
24553,0.7175456
24554,0.12928224
24555,0.015225003
24556,0.8602175
24557,0.00096979283
24558,0.012665393
24559,0.4732563
24560,0.56120706
24561,0.73133266
24562,0.004998668
24563,0.033412322
24564,0.57537514
24565,0.0013608534
24566,0.6401187
24567,0.03219359
24568,0.6826311
24569,0.21483417
24570,0.5427672
24571,0.492047
24572,0.36781177
24573,0.081667624
24574,0.61313665
24575,0.0050812536
24576,0.78578
24577,0.28117195
24578,0.41660452
24579,0.8329567
24580,0.0067200065
24581,0.016870944
24582,0.7073
24583,0.6201626
24584,0.37113196
24585,0.04152733
24586,0.03202075
24587,0.34509316
24588,0.7235908
24589,0.25613183
24590,0.0017165656
24591,0.0046369205
24592,0.0068073133
24593,0.69057083
24594,0.0043286737
24595,0.005697378
24596,0.34505188
24597,0.45664224
24598,0.8116295
24599,0.003765968
24600,0.0046176016
24601,0.013748011
24602,0.013471326
24603,0.47181377
24604,0.00116773
24605,0.22071417
24606,0.6815527
24607,0.8106647
24608,0.7659918
24609,0.57738173
24610,0.6739955
24611,0.0015488176
24612,0.6940672
24613,0.25219837
24614,0.018994095
24615,0.94012713
24616,0.036809556
24617,0.83239764
24618,0.0088858735
24619,0.64980745
24620,0.33725584
24621,0.43950093
24622,0.012807822
24623,0.044724897
24624,0.85343283
24625,0.87086993
24626,0.008402336
24627,0.45031622
24628,0.0028448706
24629,0.89262193
24630,0.0066357865
24631,0.3832211
24632,0.7462936
24633,0.08297468
24634,0.81252235
24635,0.46569327
24636,0.9488679
24637,0.65183914
24638,0.0053570042
24639,0.7415998
24640,0.0045477087
24641,0.010164702
24642,0.5840287
24643,0.14962144
24644,0.4406248
24645,0.14670175
24646,0.0066776783
24647,0.015801877
24648,0.094665006
24649,0.017384762
24650,0.30545458
24651,0.80568814
24652,0.5771572
24653,0.88837045
24654,0.09643233
24655,0.014106533
24656,0.91116136
24657,0.019270286
24658,0.0033741177
24659,0.69459146
24660,0.88926166
24661,0.48677567
24662,0.006991284
24663,0.2662032
24664,0.7923367
24665,0.012928479
24666,0.0024527374
24667,0.5477854
24668,0.33410493
24669,0.8958973
24670,0.2170689
24671,0.5712328
24672,0.6220622
24673,0.079857364
24674,0.20757179
24675,0.7067572
24676,0.600845
24677,0.9424792
24678,0.5790965
24679,0.5267259
24680,0.18111187
24681,0.0074596056
24682,0.6154916
24683,0.536757
24684,0.48008645
24685,0.41670197
24686,0.019792434
24687,0.31866747
24688,0.013373568
24689,0.019359056
24690,0.022665279
24691,0.0018432336
24692,0.049246527
24693,0.019775746
24694,0.01299338
24695,0.23837855
24696,0.27676713
24697,0.7854592
24698,0.77632964
24699,0.5050449
24700,0.7637823
24701,0.88764125
24702,0.030412763
24703,0.45688745
24704,0.5594465
24705,0.017540183
24706,0.00091656495
24707,0.016232662
24708,0.15598798
24709,0.35310748
24710,0.31919163
24711,0.5551851
24712,0.8572797
24713,0.79401106
24714,0.13994291
24715,0.8736704
24716,0.0018206337
24717,0.005385539
24718,0.00032852415
24719,0.06565874
24720,0.003097251
24721,0.81115717
24722,0.4730875
24723,0.84321004
24724,0.0037187156
24725,0.504629
24726,0.2982983
24727,0.07321803
24728,0.653662
24729,0.012948443
24730,0.7936227
24731,0.40529
24732,0.5085103
24733,0.8146265
24734,0.0023787182
24735,0.0031236762
24736,0.042258013
24737,0.11706602
24738,0.4930182
24739,0.2537484
24740,0.3224742
24741,0.60149413
24742,0.6707726
24743,0.021259619
24744,0.008827195
24745,0.67480433
24746,0.036730874
24747,0.42412084
24748,0.53721523
24749,0.7618603
24750,0.79432607
24751,0.83754593
24752,0.016030446
24753,0.5348539
24754,0.056464203
24755,0.580104
24756,0.04122489
24757,0.0014241862
24758,0.14509097
24759,0.39459586
24760,0.4643389
24761,0.32628796
24762,0.8990442
24763,0.00817449
24764,0.0044316403
24765,0.0076247742
24766,0.77096874
24767,0.17631349
24768,0.5716083
24769,0.8959157
24770,0.14686316
24771,0.4676214
24772,0.70355767
24773,0.547947
24774,0.38734943
24775,0.022191254
24776,0.48149577
24777,0.41700733
24778,0.0025427279
24779,0.062641054
24780,0.5166936
24781,0.3172078
24782,0.8941642
24783,0.5732604
24784,0.7409566
24785,0.9270198
24786,0.4826778
24787,0.0034777385
24788,0.0009949462
24789,0.007909107
24790,0.17869961
24791,0.036044385
24792,0.8095119
24793,0.42451358
24794,0.45364648
24795,0.7521857
24796,0.8625084
24797,0.7005385
24798,0.002875403
24799,0.0011541909
24800,0.64883316
24801,0.003227665
24802,0.869483
24803,0.6934422
24804,0.5386662
24805,0.08730697
24806,0.71325
24807,0.74267733
24808,0.73233
24809,0.7247197
24810,0.014862426
24811,0.6695531
24812,0.0014091933
24813,0.14356944
24814,0.45777977
24815,0.8079185
24816,0.50087476
24817,0.004149413
24818,0.91061133
24819,0.0024886848
24820,0.23196848
24821,0.014795369
24822,0.5290566
24823,0.0053312215
24824,0.011627605
24825,0.6999542
24826,0.69787276
24827,0.48830813
24828,0.34976336
24829,0.01098775
24830,0.41680846
24831,0.049774066
24832,0.3578364
24833,0.29857534
24834,0.24493156
24835,0.44968313
24836,0.61766803
24837,0.018737586
24838,0.0013082554
24839,0.030037807
24840,0.32307193
24841,0.8259458
24842,0.2219374
24843,0.006379708
24844,0.35076264
24845,0.4200963
24846,0.0046108756
24847,0.53404945
24848,0.12390646
24849,0.35387474
24850,0.25872654
24851,0.67219913
24852,0.60847265
24853,0.17457244
24854,0.0068731946
24855,0.0016514327
24856,0.0077576023
24857,0.48716593
24858,0.30129564
24859,0.004386819
24860,0.6266459
24861,0.005364074
24862,0.7503997
24863,0.032377213
24864,0.4405892
24865,0.33936247
24866,0.0056915013
24867,0.34475216
24868,0.4210594
24869,0.9178187
24870,0.79624385
24871,0.81830204
24872,0.8338431
24873,0.70157415
24874,0.76209867
24875,0.67630076
24876,0.04931556
24877,0.01061312
24878,0.8624732
24879,0.004901049
24880,0.7912108
24881,0.1383078
24882,0.011515194
24883,0.73763347
24884,0.005629628
24885,0.36681947
24886,0.5042507
24887,0.66122544
24888,0.69660455
24889,0.7345582
24890,0.26451817
24891,0.81996405
24892,0.5777077
24893,0.048850924
24894,0.86658
24895,0.0009204358
24896,0.04534392
24897,0.6213533
24898,0.15757406
24899,0.07906961
24900,0.0072943047
24901,0.7933907
24902,0.58904546
24903,0.002154935
24904,0.000676429
24905,0.7979709
24906,0.053410456
24907,0.0082066255
24908,0.61192507
24909,0.75736785
24910,0.47447303
24911,0.48318148
24912,0.5960568
24913,0.004037305
24914,0.62489486
24915,0.1680923
24916,0.5703755
24917,0.6472997
24918,0.040012244
24919,0.0018685139
24920,0.0081408
24921,0.6886472
24922,0.55204606
24923,0.016180526
24924,0.3751185
24925,0.5712607
24926,0.749759
24927,0.6094451
24928,0.7528883
24929,0.018053316
24930,0.0019300149
24931,0.06818563
24932,0.5452337
24933,0.6337019
24934,0.73199177
24935,0.040259674
24936,0.5426241
24937,0.017434428
24938,0.6768858
24939,0.8072748
24940,0.6942721
24941,0.015140512
24942,0.5860253
24943,0.0659244
24944,0.006163872
24945,0.00071192015
24946,0.7085739
24947,0.74590087
24948,0.121142305
24949,0.81822556
24950,0.79353917
24951,0.0013586893
24952,0.4595378
24953,0.0068986807
24954,0.6125115
24955,0.67901635
24956,0.09157214
24957,0.91381013
24958,0.0053668786
24959,0.016965548
24960,0.0060732686
24961,0.0016201916
24962,0.5535063
24963,0.0018197491
24964,0.7186447
24965,0.21361293
24966,0.67186
24967,0.56053805
24968,0.72670037
24969,0.007790842
24970,0.4856838
24971,0.9107796
24972,0.0037886119
24973,0.73945373
24974,0.7797701
24975,0.5601919
24976,0.48404434
24977,0.60201484
24978,0.82893604
24979,0.61319536
24980,0.45196378
24981,0.35883912
24982,0.0053080386
24983,0.0025553536
24984,0.017955948
24985,0.006772122
24986,0.6174087
24987,0.4724073
24988,0.39519313
24989,0.26733854
24990,0.7616738
24991,0.009650747
24992,0.009983026
24993,0.012070314
24994,0.08624481
24995,0.6206568
24996,0.031194996
24997,0.6151005
24998,0.44944486
24999,0.0010122854
